#
# There is insufficient memory for the Java Runtime Environment to continue.
# Native memory allocation (malloc) failed to allocate 1187856 bytes. Error detail: Chunk::new
# Possible reasons:
#   The system is out of physical RAM or swap space
#   This process is running with CompressedOops enabled, and the Java Heap may be blocking the growth of the native heap
# Possible solutions:
#   Reduce memory load on the system
#   Increase physical memory or swap space
#   Check if swap backing store is full
#   Decrease Java heap size (-Xmx/-Xms)
#   Decrease number of Java threads
#   Decrease Java thread stack sizes (-Xss)
#   Set larger code cache with -XX:ReservedCodeCacheSize=
#   JVM is running with Unscaled Compressed Oops mode in which the Java heap is
#     placed in the first 4GB address space. The Java Heap base address is the
#     maximum limit for the native heap growth. Please use -XX:HeapBaseMinAddress
#     to set the Java Heap base and to place the Java Heap above 4GB virtual address.
# This output file may be truncated or incomplete.
#
#  Out of Memory Error (arena.cpp:168), pid=13720, tid=13836
#
# JRE version: OpenJDK Runtime Environment (21.0.9) (build 21.0.9+-14787801-b1163.94)
# Java VM: OpenJDK 64-Bit Server VM (21.0.9+-14787801-b1163.94, mixed mode, tiered, compressed oops, compressed class ptrs, g1 gc, windows-amd64)
# No core dump will be written. Minidumps are not enabled by default on client versions of Windows
#

---------------  S U M M A R Y ------------

Command Line: --add-opens=java.base/java.lang=ALL-UNNAMED --add-opens=java.base/java.lang.invoke=ALL-UNNAMED --add-opens=java.base/java.util=ALL-UNNAMED --add-opens=java.prefs/java.util.prefs=ALL-UNNAMED --add-exports=jdk.compiler/com.sun.tools.javac.api=ALL-UNNAMED --add-exports=jdk.compiler/com.sun.tools.javac.util=ALL-UNNAMED --add-opens=java.base/java.util=ALL-UNNAMED --add-opens=java.prefs/java.util.prefs=ALL-UNNAMED --add-opens=java.base/java.nio.charset=ALL-UNNAMED --add-opens=java.base/java.net=ALL-UNNAMED --add-opens=java.base/java.util.concurrent=ALL-UNNAMED --add-opens=java.base/java.util.concurrent.atomic=ALL-UNNAMED --add-opens=java.xml/javax.xml.namespace=ALL-UNNAMED --add-opens=java.base/java.time=ALL-UNNAMED -XX:MaxMetaspaceSize=256m -Xmx1024m -Dfile.encoding=UTF-8 -Duser.country=ID -Duser.language=en -Duser.variant -javaagent:C:\Users\Asus\.gradle\wrapper\dists\gradle-9.3.1-bin\23ovyewtku6u96viwx3xl3oks\gradle-9.3.1\lib\agents\gradle-instrumentation-agent-9.3.1.jar org.gradle.launcher.daemon.bootstrap.GradleDaemon 9.3.1

Host: AMD Ryzen 5 7520U with Radeon Graphics         , 8 cores, 7G,  Windows 11 , 64 bit Build 26100 (10.0.26100.6725)
Time: Fri Jun 12 14:55:17 2026 SE Asia Standard Time elapsed time: 1375.948263 seconds (0d 0h 22m 55s)

---------------  T H R E A D  ---------------

Current thread (0x0000016a12c3f570):  JavaThread "C2 CompilerThread0" daemon [_thread_in_native, id=13836, stack(0x0000006798d00000,0x0000006798e00000) (1024K)]


Current CompileTask:
C2:1375949 23955       4       java.util.zip.ZipFile$Source::initCEN (612 bytes)

Stack: [0x0000006798d00000,0x0000006798e00000]
Native frames: (J=compiled Java code, j=interpreted, Vv=VM code, C=native code)
V  [jvm.dll+0x6d6c99]
V  [jvm.dll+0x866b83]
V  [jvm.dll+0x8691ae]
V  [jvm.dll+0x869893]
V  [jvm.dll+0x280776]
V  [jvm.dll+0xc07cd]
V  [jvm.dll+0xc0d03]
V  [jvm.dll+0x3b9831]
V  [jvm.dll+0x3856a7]
V  [jvm.dll+0x384b1a]
V  [jvm.dll+0x249462]
V  [jvm.dll+0x248a31]
V  [jvm.dll+0x1c7344]
V  [jvm.dll+0x2581ae]
V  [jvm.dll+0x2566f6]
V  [jvm.dll+0x3f48a6]
V  [jvm.dll+0x80f118]
V  [jvm.dll+0x6d54ed]
C  [ucrtbase.dll+0x37b0]
C  [KERNEL32.DLL+0x2e8d7]
C  [ntdll.dll+0x8c53c]


---------------  P R O C E S S  ---------------

Threads class SMR info:
_java_thread_list=0x0000016a25271220, length=46, elements={
0x0000016a7a3c5330, 0x0000016a12be25c0, 0x0000016a12c09f30, 0x0000016a12c0a990,
0x0000016a12c143e0, 0x0000016a12c2d020, 0x0000016a12c35d70, 0x0000016a12c3e7e0,
0x0000016a12c3f570, 0x0000016a12c45520, 0x0000016a12f4ab20, 0x0000016a194900d0,
0x0000016a183c0a80, 0x0000016a18678e00, 0x0000016a19a52c10, 0x0000016a19a4fe20,
0x0000016a19a532a0, 0x0000016a1c31d850, 0x0000016a1c31dee0, 0x0000016a1c31b0f0,
0x0000016a1c31b780, 0x0000016a1c31c4a0, 0x0000016a1c31cb30, 0x0000016a1be5e3b0,
0x0000016a1be5fdf0, 0x0000016a1be63270, 0x0000016a1be61ec0, 0x0000016a1be611a0,
0x0000016a1d1bb2a0, 0x0000016a22699f20, 0x0000016a2269b2d0, 0x0000016a2269bff0,
0x0000016a2269ac40, 0x0000016a226949d0, 0x0000016a1c4d1960, 0x0000016a1c4cff20,
0x0000016a1c4cf200, 0x0000016a1c4d05b0, 0x0000016a1c4d12d0, 0x0000016a1c4d0c40,
0x0000016a1c4ce4e0, 0x0000016a1c4d2680, 0x0000016a1c4d4750, 0x0000016a1c4d5470,
0x0000016a1c4d2d10, 0x0000016a23258e90
}

Java Threads: ( => current thread )
  0x0000016a7a3c5330 JavaThread "main"                              [_thread_blocked, id=13776, stack(0x0000006797e00000,0x0000006797f00000) (1024K)]
  0x0000016a12be25c0 JavaThread "Common-Cleaner"             daemon [_thread_blocked, id=13808, stack(0x0000006798600000,0x0000006798700000) (1024K)]
  0x0000016a12c09f30 JavaThread "Reference Handler"          daemon [_thread_blocked, id=13812, stack(0x0000006798700000,0x0000006798800000) (1024K)]
  0x0000016a12c0a990 JavaThread "Finalizer"                  daemon [_thread_blocked, id=13816, stack(0x0000006798800000,0x0000006798900000) (1024K)]
  0x0000016a12c143e0 JavaThread "Signal Dispatcher"          daemon [_thread_blocked, id=13820, stack(0x0000006798900000,0x0000006798a00000) (1024K)]
  0x0000016a12c2d020 JavaThread "Attach Listener"            daemon [_thread_blocked, id=13824, stack(0x0000006798a00000,0x0000006798b00000) (1024K)]
  0x0000016a12c35d70 JavaThread "Service Thread"             daemon [_thread_blocked, id=13828, stack(0x0000006798b00000,0x0000006798c00000) (1024K)]
  0x0000016a12c3e7e0 JavaThread "Monitor Deflation Thread"   daemon [_thread_blocked, id=13832, stack(0x0000006798c00000,0x0000006798d00000) (1024K)]
=>0x0000016a12c3f570 JavaThread "C2 CompilerThread0"         daemon [_thread_in_native, id=13836, stack(0x0000006798d00000,0x0000006798e00000) (1024K)]
  0x0000016a12c45520 JavaThread "C1 CompilerThread0"         daemon [_thread_blocked, id=13840, stack(0x0000006798e00000,0x0000006798f00000) (1024K)]
  0x0000016a12f4ab20 JavaThread "Notification Thread"        daemon [_thread_blocked, id=13844, stack(0x0000006798f00000,0x0000006799000000) (1024K)]
  0x0000016a194900d0 JavaThread "Daemon health stats"               [_thread_blocked, id=13952, stack(0x0000006799800000,0x0000006799900000) (1024K)]
  0x0000016a183c0a80 JavaThread "Incoming local TCP Connector on port 57988"        [_thread_in_native, id=13956, stack(0x0000006799900000,0x0000006799a00000) (1024K)]
  0x0000016a18678e00 JavaThread "Daemon periodic checks"            [_thread_blocked, id=13968, stack(0x0000006799a00000,0x0000006799b00000) (1024K)]
  0x0000016a19a52c10 JavaThread "Cache worker for journal cache (C:\Users\Asus\.gradle\caches\journal-1)"        [_thread_blocked, id=14028, stack(0x000000679a300000,0x000000679a400000) (1024K)]
  0x0000016a19a4fe20 JavaThread "File lock request listener"        [_thread_in_native, id=14032, stack(0x000000679a400000,0x000000679a500000) (1024K)]
  0x0000016a19a532a0 JavaThread "Cache worker for file hash cache (C:\Users\Asus\.gradle\caches\9.3.1\fileHashes)"        [_thread_blocked, id=14036, stack(0x000000679a500000,0x000000679a600000) (1024K)]
  0x0000016a1c31d850 JavaThread "File watcher server"        daemon [_thread_in_native, id=14184, stack(0x000000679a800000,0x000000679a900000) (1024K)]
  0x0000016a1c31dee0 JavaThread "File watcher consumer"      daemon [_thread_blocked, id=14188, stack(0x000000679a900000,0x000000679aa00000) (1024K)]
  0x0000016a1c31b0f0 JavaThread "Cache worker for file content cache (C:\Users\Asus\.gradle\caches\9.3.1\fileContent)"        [_thread_blocked, id=14196, stack(0x000000679ab00000,0x000000679ac00000) (1024K)]
  0x0000016a1c31b780 JavaThread "jar transforms"                    [_thread_blocked, id=14212, stack(0x000000679ae00000,0x000000679af00000) (1024K)]
  0x0000016a1c31c4a0 JavaThread "jar transforms Thread 2"           [_thread_blocked, id=14216, stack(0x000000679af00000,0x000000679b000000) (1024K)]
  0x0000016a1c31cb30 JavaThread "jar transforms Thread 3"           [_thread_blocked, id=14220, stack(0x000000679b000000,0x000000679b100000) (1024K)]
  0x0000016a1be5e3b0 JavaThread "jar transforms Thread 4"           [_thread_blocked, id=13520, stack(0x0000006799000000,0x0000006799100000) (1024K)]
  0x0000016a1be5fdf0 JavaThread "jar transforms Thread 5"           [_thread_blocked, id=13512, stack(0x000000679c000000,0x000000679c100000) (1024K)]
  0x0000016a1be63270 JavaThread "jar transforms Thread 6"           [_thread_blocked, id=13368, stack(0x000000679c800000,0x000000679c900000) (1024K)]
  0x0000016a1be61ec0 JavaThread "jar transforms Thread 7"           [_thread_blocked, id=13380, stack(0x000000679c900000,0x000000679ca00000) (1024K)]
  0x0000016a1be611a0 JavaThread "jar transforms Thread 8"           [_thread_blocked, id=13352, stack(0x000000679ca00000,0x000000679cb00000) (1024K)]
  0x0000016a1d1bb2a0 JavaThread "Memory manager"                    [_thread_blocked, id=9104, stack(0x000000679e500000,0x000000679e600000) (1024K)]
  0x0000016a22699f20 JavaThread "RMI Scheduler(0)"           daemon [_thread_blocked, id=13692, stack(0x00000067a1200000,0x00000067a1300000) (1024K)]
  0x0000016a2269b2d0 JavaThread "RMI GC Daemon"              daemon [_thread_blocked, id=13696, stack(0x00000067a1500000,0x00000067a1600000) (1024K)]
  0x0000016a2269bff0 JavaThread "RMI TCP Accept-0"           daemon [_thread_in_native, id=2804, stack(0x00000067a1600000,0x00000067a1700000) (1024K)]
  0x0000016a2269ac40 JavaThread "RMI Reaper"                        [_thread_blocked, id=1312, stack(0x00000067a1700000,0x00000067a1800000) (1024K)]
  0x0000016a226949d0 JavaThread "Cache worker for Java compile cache (C:\Users\Asus\.gradle\caches\9.3.1\javaCompile)"        [_thread_blocked, id=3240, stack(0x00000067a1d00000,0x00000067a1e00000) (1024K)]
  0x0000016a1c4d1960 JavaThread "RMI TCP Connection(idle)"   daemon [_thread_blocked, id=3828, stack(0x0000006797b00000,0x0000006797c00000) (1024K)]
  0x0000016a1c4cff20 JavaThread "RMI TCP Connection(idle)"   daemon [_thread_blocked, id=4020, stack(0x0000006797c00000,0x0000006797d00000) (1024K)]
  0x0000016a1c4cf200 JavaThread "Daemon Thread 4"                   [_thread_blocked, id=9248, stack(0x0000006797d00000,0x0000006797e00000) (1024K)]
  0x0000016a1c4d05b0 JavaThread "Handler for socket connection from /127.0.0.1:57988 to /127.0.0.1:51716"        [_thread_in_native, id=13424, stack(0x0000006799b00000,0x0000006799c00000) (1024K)]
  0x0000016a1c4d12d0 JavaThread "Cancel handler"                    [_thread_blocked, id=8144, stack(0x0000006799c00000,0x0000006799d00000) (1024K)]
  0x0000016a1c4d0c40 JavaThread "Daemon worker Thread 4"            [_thread_in_vm, id=4904, stack(0x0000006799d00000,0x0000006799e00000) (1024K)]
  0x0000016a1c4ce4e0 JavaThread "Asynchronous log dispatcher for DefaultDaemonConnection: socket connection from /127.0.0.1:57988 to /127.0.0.1:51716"        [_thread_blocked, id=8080, stack(0x0000006799e00000,0x0000006799f00000) (1024K)]
  0x0000016a1c4d2680 JavaThread "Stdin handler"                     [_thread_blocked, id=7832, stack(0x000000679a000000,0x000000679a100000) (1024K)]
  0x0000016a1c4d4750 JavaThread "Daemon client event forwarder"        [_thread_blocked, id=8132, stack(0x000000679a100000,0x000000679a200000) (1024K)]
  0x0000016a1c4d5470 JavaThread "Cache worker for file hash cache (C:\Users\Asus\AndroidStudioProjects\nonaaabstrak\nonaabstrak\.gradle\9.3.1\fileHashes)"        [_thread_blocked, id=12352, stack(0x000000679a200000,0x000000679a300000) (1024K)]
  0x0000016a1c4d2d10 JavaThread "Cache worker for Build Output Cleanup Cache (C:\Users\Asus\AndroidStudioProjects\nonaaabstrak\nonaabstrak\.gradle\buildOutputCleanup)"        [_thread_blocked, id=6640, stack(0x000000679a600000,0x000000679a700000) (1024K)]
  0x0000016a23258e90 JavaThread "C2 CompilerThread1"         daemon [_thread_in_vm, id=2324, stack(0x000000679a700000,0x000000679a800000) (1024K)]
Total: 46

Other Threads:
  0x0000016a12a76290 VMThread "VM Thread"                           [id=13804, stack(0x0000006798500000,0x0000006798600000) (1024K)]
  0x0000016a129e28f0 WatcherThread "VM Periodic Task Thread"        [id=13800, stack(0x0000006798400000,0x0000006798500000) (1024K)]
  0x0000016a7c7934d0 WorkerThread "GC Thread#0"                     [id=13780, stack(0x0000006797f00000,0x0000006798000000) (1024K)]
  0x0000016a12fcd570 WorkerThread "GC Thread#1"                     [id=13864, stack(0x0000006799100000,0x0000006799200000) (1024K)]
  0x0000016a171d1500 WorkerThread "GC Thread#2"                     [id=13868, stack(0x0000006799200000,0x0000006799300000) (1024K)]
  0x0000016a17ad5c40 WorkerThread "GC Thread#3"                     [id=13896, stack(0x0000006799400000,0x0000006799500000) (1024K)]
  0x0000016a17ad5fe0 WorkerThread "GC Thread#4"                     [id=13900, stack(0x0000006799500000,0x0000006799600000) (1024K)]
  0x0000016a18363940 WorkerThread "GC Thread#5"                     [id=13932, stack(0x0000006799300000,0x0000006799400000) (1024K)]
  0x0000016a18362e60 WorkerThread "GC Thread#6"                     [id=13936, stack(0x0000006799600000,0x0000006799700000) (1024K)]
  0x0000016a18363ce0 WorkerThread "GC Thread#7"                     [id=13940, stack(0x0000006799700000,0x0000006799800000) (1024K)]
  0x0000016a7c79c3c0 ConcurrentGCThread "G1 Main Marker"            [id=13784, stack(0x0000006798000000,0x0000006798100000) (1024K)]
  0x0000016a7c79dc10 WorkerThread "G1 Conc#0"                       [id=13788, stack(0x0000006798100000,0x0000006798200000) (1024K)]
  0x0000016a18364080 WorkerThread "G1 Conc#1"                       [id=14008, stack(0x0000006799f00000,0x000000679a000000) (1024K)]
  0x0000016a128b20c0 ConcurrentGCThread "G1 Refine#0"               [id=13792, stack(0x0000006798200000,0x0000006798300000) (1024K)]
  0x0000016a128b29e0 ConcurrentGCThread "G1 Service"                [id=13796, stack(0x0000006798300000,0x0000006798400000) (1024K)]
Total: 15

Threads with active compile tasks:
C2 CompilerThread0  1376024 23955       4       java.util.zip.ZipFile$Source::initCEN (612 bytes)
C2 CompilerThread1  1376024 23969   !   4       java.io.ObjectInputStream::readObject0 (681 bytes)
Total: 2

VM state: not at safepoint (normal execution)

VM Mutex/Monitor currently owned by a thread: None

Heap address: 0x00000000c0000000, size: 1024 MB, Compressed Oops mode: 32-bit

CDS archive(s) not mapped
Compressed class space mapped at: 0x0000000100000000-0x000000010d000000, reserved size: 218103808
Narrow klass base: 0x0000000000000000, Narrow klass shift: 3, Narrow klass range: 0x10d000000

GC Precious Log:
 CardTable entry size: 512
 Card Set container configuration: InlinePtr #cards 5 size 8 Array Of Cards #cards 12 size 40 Howl #buckets 4 coarsen threshold 1843 Howl Bitmap #cards 512 size 80 coarsen threshold 460 Card regions per heap region 1 cards per card region 2048
 CPUs: 8 total, 8 available
 Memory: 7455M
 Large Page Support: Disabled
 NUMA Support: Disabled
 Compressed Oops: Enabled (32-bit)
 Heap Region Size: 1M
 Heap Min Capacity: 8M
 Heap Initial Capacity: 118M
 Heap Max Capacity: 1G
 Pre-touch: Disabled
 Parallel Workers: 8
 Concurrent Workers: 2
 Concurrent Refinement Workers: 8
 Periodic GC: Disabled

Heap:
 garbage-first heap   total 414720K, used 358184K [0x00000000c0000000, 0x0000000100000000)
  region size 1024K, 180 young (184320K), 13 survivors (13312K)
 Metaspace       used 161084K, committed 165952K, reserved 409600K
  class space    used 22416K, committed 24256K, reserved 212992K

Heap Regions: E=young(eden), S=young(survivor), O=old, HS=humongous(starts), HC=humongous(continues), CS=collection set, F=free, TAMS=top-at-mark-start, PB=parsable bottom
|   0|0x00000000c0000000, 0x00000000c0100000, 0x00000000c0100000|100%|HS|  |TAMS 0x00000000c0000000| PB 0x00000000c0000000| Complete 
|   1|0x00000000c0100000, 0x00000000c0200000, 0x00000000c0200000|100%|HC|  |TAMS 0x00000000c0100000| PB 0x00000000c0100000| Complete 
|   2|0x00000000c0200000, 0x00000000c0300000, 0x00000000c0300000|100%|HC|  |TAMS 0x00000000c0200000| PB 0x00000000c0200000| Complete 
|   3|0x00000000c0300000, 0x00000000c0400000, 0x00000000c0400000|100%|HC|  |TAMS 0x00000000c0300000| PB 0x00000000c0300000| Complete 
|   4|0x00000000c0400000, 0x00000000c0500000, 0x00000000c0500000|100%| O|  |TAMS 0x00000000c0400000| PB 0x00000000c0400000| Untracked 
|   5|0x00000000c0500000, 0x00000000c0600000, 0x00000000c0600000|100%| O|  |TAMS 0x00000000c0500000| PB 0x00000000c0500000| Untracked 
|   6|0x00000000c0600000, 0x00000000c0700000, 0x00000000c0700000|100%| O|  |TAMS 0x00000000c0600000| PB 0x00000000c0600000| Untracked 
|   7|0x00000000c0700000, 0x00000000c0800000, 0x00000000c0800000|100%|HS|  |TAMS 0x00000000c0700000| PB 0x00000000c0700000| Complete 
|   8|0x00000000c0800000, 0x00000000c0900000, 0x00000000c0900000|100%| O|  |TAMS 0x00000000c0800000| PB 0x00000000c0800000| Untracked 
|   9|0x00000000c0900000, 0x00000000c0a00000, 0x00000000c0a00000|100%| O|  |TAMS 0x00000000c0900000| PB 0x00000000c0900000| Untracked 
|  10|0x00000000c0a00000, 0x00000000c0b00000, 0x00000000c0b00000|100%| O|  |TAMS 0x00000000c0a00000| PB 0x00000000c0a00000| Untracked 
|  11|0x00000000c0b00000, 0x00000000c0c00000, 0x00000000c0c00000|100%| O|  |TAMS 0x00000000c0b00000| PB 0x00000000c0b00000| Untracked 
|  12|0x00000000c0c00000, 0x00000000c0d00000, 0x00000000c0d00000|100%| O|  |TAMS 0x00000000c0c00000| PB 0x00000000c0c00000| Untracked 
|  13|0x00000000c0d00000, 0x00000000c0e00000, 0x00000000c0e00000|100%| O|  |TAMS 0x00000000c0d00000| PB 0x00000000c0d00000| Untracked 
|  14|0x00000000c0e00000, 0x00000000c0f00000, 0x00000000c0f00000|100%| O|  |TAMS 0x00000000c0e00000| PB 0x00000000c0e00000| Untracked 
|  15|0x00000000c0f00000, 0x00000000c1000000, 0x00000000c1000000|100%| O|  |TAMS 0x00000000c0f00000| PB 0x00000000c0f00000| Untracked 
|  16|0x00000000c1000000, 0x00000000c1100000, 0x00000000c1100000|100%| O|  |TAMS 0x00000000c1000000| PB 0x00000000c1000000| Untracked 
|  17|0x00000000c1100000, 0x00000000c1200000, 0x00000000c1200000|100%| O|  |TAMS 0x00000000c1100000| PB 0x00000000c1100000| Untracked 
|  18|0x00000000c1200000, 0x00000000c1300000, 0x00000000c1300000|100%| O|  |TAMS 0x00000000c1200000| PB 0x00000000c1200000| Untracked 
|  19|0x00000000c1300000, 0x00000000c1400000, 0x00000000c1400000|100%| O|  |TAMS 0x00000000c1300000| PB 0x00000000c1300000| Untracked 
|  20|0x00000000c1400000, 0x00000000c1500000, 0x00000000c1500000|100%| O|  |TAMS 0x00000000c1400000| PB 0x00000000c1400000| Untracked 
|  21|0x00000000c1500000, 0x00000000c1600000, 0x00000000c1600000|100%| O|  |TAMS 0x00000000c1500000| PB 0x00000000c1500000| Untracked 
|  22|0x00000000c1600000, 0x00000000c1700000, 0x00000000c1700000|100%| O|  |TAMS 0x00000000c1600000| PB 0x00000000c1600000| Untracked 
|  23|0x00000000c1700000, 0x00000000c1800000, 0x00000000c1800000|100%| O|  |TAMS 0x00000000c1700000| PB 0x00000000c1700000| Untracked 
|  24|0x00000000c1800000, 0x00000000c1900000, 0x00000000c1900000|100%| O|Cm|TAMS 0x00000000c1800000| PB 0x00000000c1800000| Complete 
|  25|0x00000000c1900000, 0x00000000c1a00000, 0x00000000c1a00000|100%| O|  |TAMS 0x00000000c1900000| PB 0x00000000c1900000| Untracked 
|  26|0x00000000c1a00000, 0x00000000c1b00000, 0x00000000c1b00000|100%| O|  |TAMS 0x00000000c1a00000| PB 0x00000000c1a00000| Untracked 
|  27|0x00000000c1b00000, 0x00000000c1c00000, 0x00000000c1c00000|100%|HS|  |TAMS 0x00000000c1b00000| PB 0x00000000c1b00000| Complete 
|  28|0x00000000c1c00000, 0x00000000c1d00000, 0x00000000c1d00000|100%|HC|  |TAMS 0x00000000c1c00000| PB 0x00000000c1c00000| Complete 
|  29|0x00000000c1d00000, 0x00000000c1e00000, 0x00000000c1e00000|100%| O|  |TAMS 0x00000000c1d00000| PB 0x00000000c1d00000| Untracked 
|  30|0x00000000c1e00000, 0x00000000c1f00000, 0x00000000c1f00000|100%| O|  |TAMS 0x00000000c1e00000| PB 0x00000000c1e00000| Untracked 
|  31|0x00000000c1f00000, 0x00000000c2000000, 0x00000000c2000000|100%| O|  |TAMS 0x00000000c1f00000| PB 0x00000000c1f00000| Untracked 
|  32|0x00000000c2000000, 0x00000000c2100000, 0x00000000c2100000|100%| O|  |TAMS 0x00000000c2000000| PB 0x00000000c2000000| Untracked 
|  33|0x00000000c2100000, 0x00000000c2200000, 0x00000000c2200000|100%| O|  |TAMS 0x00000000c2100000| PB 0x00000000c2100000| Untracked 
|  34|0x00000000c2200000, 0x00000000c2300000, 0x00000000c2300000|100%| O|Cm|TAMS 0x00000000c2200000| PB 0x00000000c2200000| Complete 
|  35|0x00000000c2300000, 0x00000000c2400000, 0x00000000c2400000|100%| O|  |TAMS 0x00000000c2300000| PB 0x00000000c2300000| Untracked 
|  36|0x00000000c2400000, 0x00000000c2500000, 0x00000000c2500000|100%| O|Cm|TAMS 0x00000000c2400000| PB 0x00000000c2400000| Complete 
|  37|0x00000000c2500000, 0x00000000c2600000, 0x00000000c2600000|100%| O|  |TAMS 0x00000000c2500000| PB 0x00000000c2500000| Untracked 
|  38|0x00000000c2600000, 0x00000000c2700000, 0x00000000c2700000|100%| O|Cm|TAMS 0x00000000c2600000| PB 0x00000000c2600000| Complete 
|  39|0x00000000c2700000, 0x00000000c2800000, 0x00000000c2800000|100%| O|  |TAMS 0x00000000c2700000| PB 0x00000000c2700000| Untracked 
|  40|0x00000000c2800000, 0x00000000c2800000, 0x00000000c2900000|  0%| F|  |TAMS 0x00000000c2800000| PB 0x00000000c2800000| Untracked 
|  41|0x00000000c2900000, 0x00000000c2a00000, 0x00000000c2a00000|100%| O|  |TAMS 0x00000000c2900000| PB 0x00000000c2900000| Untracked 
|  42|0x00000000c2a00000, 0x00000000c2b00000, 0x00000000c2b00000|100%| O|  |TAMS 0x00000000c2a00000| PB 0x00000000c2a00000| Untracked 
|  43|0x00000000c2b00000, 0x00000000c2c00000, 0x00000000c2c00000|100%| O|  |TAMS 0x00000000c2b00000| PB 0x00000000c2b00000| Untracked 
|  44|0x00000000c2c00000, 0x00000000c2d00000, 0x00000000c2d00000|100%| O|  |TAMS 0x00000000c2c00000| PB 0x00000000c2c00000| Untracked 
|  45|0x00000000c2d00000, 0x00000000c2e00000, 0x00000000c2e00000|100%| O|  |TAMS 0x00000000c2d00000| PB 0x00000000c2d00000| Untracked 
|  46|0x00000000c2e00000, 0x00000000c2f00000, 0x00000000c2f00000|100%| O|  |TAMS 0x00000000c2e00000| PB 0x00000000c2e00000| Untracked 
|  47|0x00000000c2f00000, 0x00000000c3000000, 0x00000000c3000000|100%| O|  |TAMS 0x00000000c2f00000| PB 0x00000000c2f00000| Untracked 
|  48|0x00000000c3000000, 0x00000000c3100000, 0x00000000c3100000|100%| O|  |TAMS 0x00000000c3000000| PB 0x00000000c3000000| Untracked 
|  49|0x00000000c3100000, 0x00000000c3200000, 0x00000000c3200000|100%|HS|  |TAMS 0x00000000c3100000| PB 0x00000000c3100000| Complete 
|  50|0x00000000c3200000, 0x00000000c3300000, 0x00000000c3300000|100%| O|  |TAMS 0x00000000c3200000| PB 0x00000000c3200000| Untracked 
|  51|0x00000000c3300000, 0x00000000c3400000, 0x00000000c3400000|100%| O|Cm|TAMS 0x00000000c3300000| PB 0x00000000c3300000| Complete 
|  52|0x00000000c3400000, 0x00000000c3500000, 0x00000000c3500000|100%| O|  |TAMS 0x00000000c3400000| PB 0x00000000c3400000| Untracked 
|  53|0x00000000c3500000, 0x00000000c3600000, 0x00000000c3600000|100%| O|  |TAMS 0x00000000c3500000| PB 0x00000000c3500000| Untracked 
|  54|0x00000000c3600000, 0x00000000c3700000, 0x00000000c3700000|100%| O|  |TAMS 0x00000000c3600000| PB 0x00000000c3600000| Untracked 
|  55|0x00000000c3700000, 0x00000000c3800000, 0x00000000c3800000|100%| O|  |TAMS 0x00000000c3700000| PB 0x00000000c3700000| Untracked 
|  56|0x00000000c3800000, 0x00000000c3900000, 0x00000000c3900000|100%| O|  |TAMS 0x00000000c3800000| PB 0x00000000c3800000| Untracked 
|  57|0x00000000c3900000, 0x00000000c3a00000, 0x00000000c3a00000|100%| O|  |TAMS 0x00000000c3900000| PB 0x00000000c3900000| Untracked 
|  58|0x00000000c3a00000, 0x00000000c3b00000, 0x00000000c3b00000|100%| O|  |TAMS 0x00000000c3a00000| PB 0x00000000c3a00000| Untracked 
|  59|0x00000000c3b00000, 0x00000000c3c00000, 0x00000000c3c00000|100%| O|  |TAMS 0x00000000c3b00000| PB 0x00000000c3b00000| Untracked 
|  60|0x00000000c3c00000, 0x00000000c3d00000, 0x00000000c3d00000|100%| O|  |TAMS 0x00000000c3c00000| PB 0x00000000c3c00000| Untracked 
|  61|0x00000000c3d00000, 0x00000000c3e00000, 0x00000000c3e00000|100%| O|Cm|TAMS 0x00000000c3d00000| PB 0x00000000c3d00000| Complete 
|  62|0x00000000c3e00000, 0x00000000c3f00000, 0x00000000c3f00000|100%|HS|  |TAMS 0x00000000c3e00000| PB 0x00000000c3e00000| Complete 
|  63|0x00000000c3f00000, 0x00000000c4000000, 0x00000000c4000000|100%|HS|  |TAMS 0x00000000c3f00000| PB 0x00000000c3f00000| Complete 
|  64|0x00000000c4000000, 0x00000000c4100000, 0x00000000c4100000|100%|HC|  |TAMS 0x00000000c4000000| PB 0x00000000c4000000| Complete 
|  65|0x00000000c4100000, 0x00000000c4200000, 0x00000000c4200000|100%|HS|  |TAMS 0x00000000c4100000| PB 0x00000000c4100000| Complete 
|  66|0x00000000c4200000, 0x00000000c4300000, 0x00000000c4300000|100%|HC|  |TAMS 0x00000000c4200000| PB 0x00000000c4200000| Complete 
|  67|0x00000000c4300000, 0x00000000c4400000, 0x00000000c4400000|100%|HS|  |TAMS 0x00000000c4300000| PB 0x00000000c4300000| Complete 
|  68|0x00000000c4400000, 0x00000000c4500000, 0x00000000c4500000|100%|HC|  |TAMS 0x00000000c4400000| PB 0x00000000c4400000| Complete 
|  69|0x00000000c4500000, 0x00000000c4600000, 0x00000000c4600000|100%|HC|  |TAMS 0x00000000c4500000| PB 0x00000000c4500000| Complete 
|  70|0x00000000c4600000, 0x00000000c4700000, 0x00000000c4700000|100%|HS|  |TAMS 0x00000000c4600000| PB 0x00000000c4600000| Complete 
|  71|0x00000000c4700000, 0x00000000c4800000, 0x00000000c4800000|100%|HS|  |TAMS 0x00000000c4700000| PB 0x00000000c4700000| Complete 
|  72|0x00000000c4800000, 0x00000000c4900000, 0x00000000c4900000|100%| O|  |TAMS 0x00000000c4800000| PB 0x00000000c4800000| Untracked 
|  73|0x00000000c4900000, 0x00000000c4a00000, 0x00000000c4a00000|100%|HS|  |TAMS 0x00000000c4900000| PB 0x00000000c4900000| Complete 
|  74|0x00000000c4a00000, 0x00000000c4b00000, 0x00000000c4b00000|100%| O|  |TAMS 0x00000000c4a00000| PB 0x00000000c4a00000| Untracked 
|  75|0x00000000c4b00000, 0x00000000c4c00000, 0x00000000c4c00000|100%|HS|  |TAMS 0x00000000c4b00000| PB 0x00000000c4b00000| Complete 
|  76|0x00000000c4c00000, 0x00000000c4cffff8, 0x00000000c4d00000| 99%| O|  |TAMS 0x00000000c4c00000| PB 0x00000000c4c00000| Untracked 
|  77|0x00000000c4d00000, 0x00000000c4e00000, 0x00000000c4e00000|100%| O|  |TAMS 0x00000000c4d00000| PB 0x00000000c4d00000| Untracked 
|  78|0x00000000c4e00000, 0x00000000c4f00000, 0x00000000c4f00000|100%| O|  |TAMS 0x00000000c4e00000| PB 0x00000000c4e00000| Untracked 
|  79|0x00000000c4f00000, 0x00000000c5000000, 0x00000000c5000000|100%| O|Cm|TAMS 0x00000000c4f00000| PB 0x00000000c4f00000| Complete 
|  80|0x00000000c5000000, 0x00000000c5100000, 0x00000000c5100000|100%| O|  |TAMS 0x00000000c5000000| PB 0x00000000c5000000| Untracked 
|  81|0x00000000c5100000, 0x00000000c5100000, 0x00000000c5200000|  0%| F|  |TAMS 0x00000000c5100000| PB 0x00000000c5100000| Untracked 
|  82|0x00000000c5200000, 0x00000000c5300000, 0x00000000c5300000|100%|HS|  |TAMS 0x00000000c5200000| PB 0x00000000c5200000| Complete 
|  83|0x00000000c5300000, 0x00000000c5400000, 0x00000000c5400000|100%| O|  |TAMS 0x00000000c5300000| PB 0x00000000c5300000| Untracked 
|  84|0x00000000c5400000, 0x00000000c5500000, 0x00000000c5500000|100%| O|  |TAMS 0x00000000c5400000| PB 0x00000000c5400000| Untracked 
|  85|0x00000000c5500000, 0x00000000c5600000, 0x00000000c5600000|100%|HS|  |TAMS 0x00000000c5500000| PB 0x00000000c5500000| Complete 
|  86|0x00000000c5600000, 0x00000000c5700000, 0x00000000c5700000|100%|HC|  |TAMS 0x00000000c5600000| PB 0x00000000c5600000| Complete 
|  87|0x00000000c5700000, 0x00000000c5700000, 0x00000000c5800000|  0%| F|  |TAMS 0x00000000c5700000| PB 0x00000000c5700000| Untracked 
|  88|0x00000000c5800000, 0x00000000c5900000, 0x00000000c5900000|100%| O|  |TAMS 0x00000000c5800000| PB 0x00000000c5800000| Untracked 
|  89|0x00000000c5900000, 0x00000000c5a00000, 0x00000000c5a00000|100%|HS|  |TAMS 0x00000000c5900000| PB 0x00000000c5900000| Complete 
|  90|0x00000000c5a00000, 0x00000000c5b00000, 0x00000000c5b00000|100%|HC|  |TAMS 0x00000000c5a00000| PB 0x00000000c5a00000| Complete 
|  91|0x00000000c5b00000, 0x00000000c5c00000, 0x00000000c5c00000|100%|HC|  |TAMS 0x00000000c5b00000| PB 0x00000000c5b00000| Complete 
|  92|0x00000000c5c00000, 0x00000000c5d00000, 0x00000000c5d00000|100%| O|  |TAMS 0x00000000c5c00000| PB 0x00000000c5c00000| Untracked 
|  93|0x00000000c5d00000, 0x00000000c5e00000, 0x00000000c5e00000|100%| O|  |TAMS 0x00000000c5d00000| PB 0x00000000c5d00000| Untracked 
|  94|0x00000000c5e00000, 0x00000000c5f00000, 0x00000000c5f00000|100%| O|Cm|TAMS 0x00000000c5e00000| PB 0x00000000c5e00000| Complete 
|  95|0x00000000c5f00000, 0x00000000c6000000, 0x00000000c6000000|100%| O|  |TAMS 0x00000000c5f00000| PB 0x00000000c5f00000| Untracked 
|  96|0x00000000c6000000, 0x00000000c6100000, 0x00000000c6100000|100%| O|  |TAMS 0x00000000c6000000| PB 0x00000000c6000000| Untracked 
|  97|0x00000000c6100000, 0x00000000c6200000, 0x00000000c6200000|100%| O|  |TAMS 0x00000000c6100000| PB 0x00000000c6100000| Untracked 
|  98|0x00000000c6200000, 0x00000000c6200000, 0x00000000c6300000|  0%| F|  |TAMS 0x00000000c6200000| PB 0x00000000c6200000| Untracked 
|  99|0x00000000c6300000, 0x00000000c6400000, 0x00000000c6400000|100%| O|  |TAMS 0x00000000c6300000| PB 0x00000000c6300000| Untracked 
| 100|0x00000000c6400000, 0x00000000c6500000, 0x00000000c6500000|100%| O|  |TAMS 0x00000000c6400000| PB 0x00000000c6400000| Untracked 
| 101|0x00000000c6500000, 0x00000000c6600000, 0x00000000c6600000|100%| O|  |TAMS 0x00000000c6500000| PB 0x00000000c6500000| Untracked 
| 102|0x00000000c6600000, 0x00000000c6700000, 0x00000000c6700000|100%| O|  |TAMS 0x00000000c6600000| PB 0x00000000c6600000| Untracked 
| 103|0x00000000c6700000, 0x00000000c6800000, 0x00000000c6800000|100%| O|  |TAMS 0x00000000c6700000| PB 0x00000000c6700000| Untracked 
| 104|0x00000000c6800000, 0x00000000c6900000, 0x00000000c6900000|100%| O|  |TAMS 0x00000000c6800000| PB 0x00000000c6800000| Untracked 
| 105|0x00000000c6900000, 0x00000000c6a00000, 0x00000000c6a00000|100%| O|  |TAMS 0x00000000c6900000| PB 0x00000000c6900000| Untracked 
| 106|0x00000000c6a00000, 0x00000000c6b00000, 0x00000000c6b00000|100%| O|  |TAMS 0x00000000c6a00000| PB 0x00000000c6a00000| Untracked 
| 107|0x00000000c6b00000, 0x00000000c6c00000, 0x00000000c6c00000|100%| O|  |TAMS 0x00000000c6b00000| PB 0x00000000c6b00000| Untracked 
| 108|0x00000000c6c00000, 0x00000000c6d00000, 0x00000000c6d00000|100%| O|  |TAMS 0x00000000c6c00000| PB 0x00000000c6c00000| Untracked 
| 109|0x00000000c6d00000, 0x00000000c6e00000, 0x00000000c6e00000|100%| O|  |TAMS 0x00000000c6d00000| PB 0x00000000c6d00000| Untracked 
| 110|0x00000000c6e00000, 0x00000000c6f00000, 0x00000000c6f00000|100%| O|  |TAMS 0x00000000c6e00000| PB 0x00000000c6e00000| Untracked 
| 111|0x00000000c6f00000, 0x00000000c7000000, 0x00000000c7000000|100%| O|  |TAMS 0x00000000c6f00000| PB 0x00000000c6f00000| Untracked 
| 112|0x00000000c7000000, 0x00000000c7100000, 0x00000000c7100000|100%| O|  |TAMS 0x00000000c7000000| PB 0x00000000c7000000| Untracked 
| 113|0x00000000c7100000, 0x00000000c7200000, 0x00000000c7200000|100%| O|  |TAMS 0x00000000c7100000| PB 0x00000000c7100000| Untracked 
| 114|0x00000000c7200000, 0x00000000c7300000, 0x00000000c7300000|100%| O|  |TAMS 0x00000000c7200000| PB 0x00000000c7200000| Untracked 
| 115|0x00000000c7300000, 0x00000000c7300000, 0x00000000c7400000|  0%| F|  |TAMS 0x00000000c7300000| PB 0x00000000c7300000| Untracked 
| 116|0x00000000c7400000, 0x00000000c7500000, 0x00000000c7500000|100%| O|  |TAMS 0x00000000c7400000| PB 0x00000000c7400000| Untracked 
| 117|0x00000000c7500000, 0x00000000c7600000, 0x00000000c7600000|100%| O|  |TAMS 0x00000000c7500000| PB 0x00000000c7500000| Untracked 
| 118|0x00000000c7600000, 0x00000000c7700000, 0x00000000c7700000|100%| O|Cm|TAMS 0x00000000c7600000| PB 0x00000000c7600000| Complete 
| 119|0x00000000c7700000, 0x00000000c7800000, 0x00000000c7800000|100%| O|  |TAMS 0x00000000c7700000| PB 0x00000000c7700000| Untracked 
| 120|0x00000000c7800000, 0x00000000c7900000, 0x00000000c7900000|100%| O|  |TAMS 0x00000000c7800000| PB 0x00000000c7800000| Untracked 
| 121|0x00000000c7900000, 0x00000000c7a00000, 0x00000000c7a00000|100%| O|  |TAMS 0x00000000c7900000| PB 0x00000000c7900000| Untracked 
| 122|0x00000000c7a00000, 0x00000000c7b00000, 0x00000000c7b00000|100%| O|  |TAMS 0x00000000c7a00000| PB 0x00000000c7a00000| Untracked 
| 123|0x00000000c7b00000, 0x00000000c7c00000, 0x00000000c7c00000|100%| O|  |TAMS 0x00000000c7b00000| PB 0x00000000c7b00000| Untracked 
| 124|0x00000000c7c00000, 0x00000000c7d00000, 0x00000000c7d00000|100%| O|  |TAMS 0x00000000c7c00000| PB 0x00000000c7c00000| Untracked 
| 125|0x00000000c7d00000, 0x00000000c7e00000, 0x00000000c7e00000|100%| O|  |TAMS 0x00000000c7d00000| PB 0x00000000c7d00000| Untracked 
| 126|0x00000000c7e00000, 0x00000000c7f00000, 0x00000000c7f00000|100%| O|  |TAMS 0x00000000c7e00000| PB 0x00000000c7e00000| Untracked 
| 127|0x00000000c7f00000, 0x00000000c8000000, 0x00000000c8000000|100%| O|  |TAMS 0x00000000c7f00000| PB 0x00000000c7f00000| Untracked 
| 128|0x00000000c8000000, 0x00000000c8100000, 0x00000000c8100000|100%| O|  |TAMS 0x00000000c8000000| PB 0x00000000c8000000| Untracked 
| 129|0x00000000c8100000, 0x00000000c8200000, 0x00000000c8200000|100%| O|  |TAMS 0x00000000c8100000| PB 0x00000000c8100000| Untracked 
| 130|0x00000000c8200000, 0x00000000c8300000, 0x00000000c8300000|100%| O|Cm|TAMS 0x00000000c8200000| PB 0x00000000c8200000| Complete 
| 131|0x00000000c8300000, 0x00000000c8400000, 0x00000000c8400000|100%| O|Cm|TAMS 0x00000000c8300000| PB 0x00000000c8300000| Complete 
| 132|0x00000000c8400000, 0x00000000c8500000, 0x00000000c8500000|100%| O|  |TAMS 0x00000000c8400000| PB 0x00000000c8400000| Untracked 
| 133|0x00000000c8500000, 0x00000000c8600000, 0x00000000c8600000|100%| O|  |TAMS 0x00000000c8500000| PB 0x00000000c8500000| Untracked 
| 134|0x00000000c8600000, 0x00000000c8700000, 0x00000000c8700000|100%| O|  |TAMS 0x00000000c8600000| PB 0x00000000c8600000| Untracked 
| 135|0x00000000c8700000, 0x00000000c8800000, 0x00000000c8800000|100%| O|  |TAMS 0x00000000c8700000| PB 0x00000000c8700000| Untracked 
| 136|0x00000000c8800000, 0x00000000c8900000, 0x00000000c8900000|100%| O|  |TAMS 0x00000000c8800000| PB 0x00000000c8800000| Untracked 
| 137|0x00000000c8900000, 0x00000000c8a00000, 0x00000000c8a00000|100%| O|  |TAMS 0x00000000c8900000| PB 0x00000000c8900000| Untracked 
| 138|0x00000000c8a00000, 0x00000000c8b00000, 0x00000000c8b00000|100%| O|  |TAMS 0x00000000c8a00000| PB 0x00000000c8a00000| Untracked 
| 139|0x00000000c8b00000, 0x00000000c8c00000, 0x00000000c8c00000|100%| O|  |TAMS 0x00000000c8b00000| PB 0x00000000c8b00000| Untracked 
| 140|0x00000000c8c00000, 0x00000000c8d00000, 0x00000000c8d00000|100%| O|  |TAMS 0x00000000c8c00000| PB 0x00000000c8c00000| Untracked 
| 141|0x00000000c8d00000, 0x00000000c8e00000, 0x00000000c8e00000|100%| O|  |TAMS 0x00000000c8d00000| PB 0x00000000c8d00000| Untracked 
| 142|0x00000000c8e00000, 0x00000000c8f00000, 0x00000000c8f00000|100%| O|  |TAMS 0x00000000c8e00000| PB 0x00000000c8e00000| Untracked 
| 143|0x00000000c8f00000, 0x00000000c9000000, 0x00000000c9000000|100%| O|  |TAMS 0x00000000c8f00000| PB 0x00000000c8f00000| Untracked 
| 144|0x00000000c9000000, 0x00000000c9100000, 0x00000000c9100000|100%| O|  |TAMS 0x00000000c9000000| PB 0x00000000c9000000| Untracked 
| 145|0x00000000c9100000, 0x00000000c9200000, 0x00000000c9200000|100%| O|  |TAMS 0x00000000c9100000| PB 0x00000000c9100000| Untracked 
| 146|0x00000000c9200000, 0x00000000c9200000, 0x00000000c9300000|  0%| F|  |TAMS 0x00000000c9200000| PB 0x00000000c9200000| Untracked 
| 147|0x00000000c9300000, 0x00000000c9400000, 0x00000000c9400000|100%| O|  |TAMS 0x00000000c9300000| PB 0x00000000c9300000| Untracked 
| 148|0x00000000c9400000, 0x00000000c94ca300, 0x00000000c9500000| 78%| S|CS|TAMS 0x00000000c9400000| PB 0x00000000c9400000| Complete 
| 149|0x00000000c9500000, 0x00000000c9600000, 0x00000000c9600000|100%| O|  |TAMS 0x00000000c9500000| PB 0x00000000c9500000| Untracked 
| 150|0x00000000c9600000, 0x00000000c9700000, 0x00000000c9700000|100%| O|  |TAMS 0x00000000c9600000| PB 0x00000000c9600000| Untracked 
| 151|0x00000000c9700000, 0x00000000c9800000, 0x00000000c9800000|100%| O|  |TAMS 0x00000000c9700000| PB 0x00000000c9700000| Untracked 
| 152|0x00000000c9800000, 0x00000000c9900000, 0x00000000c9900000|100%| S|CS|TAMS 0x00000000c9800000| PB 0x00000000c9800000| Complete 
| 153|0x00000000c9900000, 0x00000000c9a00000, 0x00000000c9a00000|100%| O|  |TAMS 0x00000000c9900000| PB 0x00000000c9900000| Untracked 
| 154|0x00000000c9a00000, 0x00000000c9b00000, 0x00000000c9b00000|100%| O|Cm|TAMS 0x00000000c9a00000| PB 0x00000000c9a00000| Complete 
| 155|0x00000000c9b00000, 0x00000000c9c00000, 0x00000000c9c00000|100%| O|  |TAMS 0x00000000c9b00000| PB 0x00000000c9b00000| Untracked 
| 156|0x00000000c9c00000, 0x00000000c9d00000, 0x00000000c9d00000|100%| O|  |TAMS 0x00000000c9c00000| PB 0x00000000c9c00000| Untracked 
| 157|0x00000000c9d00000, 0x00000000c9e00000, 0x00000000c9e00000|100%| O|  |TAMS 0x00000000c9d00000| PB 0x00000000c9d00000| Untracked 
| 158|0x00000000c9e00000, 0x00000000c9f00000, 0x00000000c9f00000|100%| O|  |TAMS 0x00000000c9e00000| PB 0x00000000c9e00000| Untracked 
| 159|0x00000000c9f00000, 0x00000000ca000000, 0x00000000ca000000|100%| S|CS|TAMS 0x00000000c9f00000| PB 0x00000000c9f00000| Complete 
| 160|0x00000000ca000000, 0x00000000ca100000, 0x00000000ca100000|100%| O|Cm|TAMS 0x00000000ca000000| PB 0x00000000ca000000| Complete 
| 161|0x00000000ca100000, 0x00000000ca200000, 0x00000000ca200000|100%| O|  |TAMS 0x00000000ca100000| PB 0x00000000ca100000| Untracked 
| 162|0x00000000ca200000, 0x00000000ca300000, 0x00000000ca300000|100%| O|  |TAMS 0x00000000ca200000| PB 0x00000000ca200000| Untracked 
| 163|0x00000000ca300000, 0x00000000ca400000, 0x00000000ca400000|100%| S|CS|TAMS 0x00000000ca300000| PB 0x00000000ca300000| Complete 
| 164|0x00000000ca400000, 0x00000000ca500000, 0x00000000ca500000|100%| S|CS|TAMS 0x00000000ca400000| PB 0x00000000ca400000| Complete 
| 165|0x00000000ca500000, 0x00000000ca600000, 0x00000000ca600000|100%| S|CS|TAMS 0x00000000ca500000| PB 0x00000000ca500000| Complete 
| 166|0x00000000ca600000, 0x00000000ca700000, 0x00000000ca700000|100%| O|Cm|TAMS 0x00000000ca600000| PB 0x00000000ca600000| Complete 
| 167|0x00000000ca700000, 0x00000000ca800000, 0x00000000ca800000|100%| O|  |TAMS 0x00000000ca700000| PB 0x00000000ca700000| Untracked 
| 168|0x00000000ca800000, 0x00000000ca900000, 0x00000000ca900000|100%| S|CS|TAMS 0x00000000ca800000| PB 0x00000000ca800000| Complete 
| 169|0x00000000ca900000, 0x00000000ca900000, 0x00000000caa00000|  0%| F|  |TAMS 0x00000000ca900000| PB 0x00000000ca900000| Untracked 
| 170|0x00000000caa00000, 0x00000000caa00000, 0x00000000cab00000|  0%| F|  |TAMS 0x00000000caa00000| PB 0x00000000caa00000| Untracked 
| 171|0x00000000cab00000, 0x00000000cab00000, 0x00000000cac00000|  0%| F|  |TAMS 0x00000000cab00000| PB 0x00000000cab00000| Untracked 
| 172|0x00000000cac00000, 0x00000000cac00000, 0x00000000cad00000|  0%| F|  |TAMS 0x00000000cac00000| PB 0x00000000cac00000| Untracked 
| 173|0x00000000cad00000, 0x00000000cae00000, 0x00000000cae00000|100%| S|CS|TAMS 0x00000000cad00000| PB 0x00000000cad00000| Complete 
| 174|0x00000000cae00000, 0x00000000caf00000, 0x00000000caf00000|100%|HS|  |TAMS 0x00000000cae00000| PB 0x00000000cae00000| Complete 
| 175|0x00000000caf00000, 0x00000000cb000000, 0x00000000cb000000|100%|HC|  |TAMS 0x00000000caf00000| PB 0x00000000caf00000| Complete 
| 176|0x00000000cb000000, 0x00000000cb100000, 0x00000000cb100000|100%|HC|  |TAMS 0x00000000cb000000| PB 0x00000000cb000000| Complete 
| 177|0x00000000cb100000, 0x00000000cb200000, 0x00000000cb200000|100%|HC|  |TAMS 0x00000000cb100000| PB 0x00000000cb100000| Complete 
| 178|0x00000000cb200000, 0x00000000cb300000, 0x00000000cb300000|100%|HC|  |TAMS 0x00000000cb200000| PB 0x00000000cb200000| Complete 
| 179|0x00000000cb300000, 0x00000000cb400000, 0x00000000cb400000|100%|HC|  |TAMS 0x00000000cb300000| PB 0x00000000cb300000| Complete 
| 180|0x00000000cb400000, 0x00000000cb400000, 0x00000000cb500000|  0%| F|  |TAMS 0x00000000cb400000| PB 0x00000000cb400000| Untracked 
| 181|0x00000000cb500000, 0x00000000cb600000, 0x00000000cb600000|100%| O|Cm|TAMS 0x00000000cb500000| PB 0x00000000cb500000| Complete 
| 182|0x00000000cb600000, 0x00000000cb700000, 0x00000000cb700000|100%| S|CS|TAMS 0x00000000cb600000| PB 0x00000000cb600000| Complete 
| 183|0x00000000cb700000, 0x00000000cb800000, 0x00000000cb800000|100%| S|CS|TAMS 0x00000000cb700000| PB 0x00000000cb700000| Complete 
| 184|0x00000000cb800000, 0x00000000cb900000, 0x00000000cb900000|100%| S|CS|TAMS 0x00000000cb800000| PB 0x00000000cb800000| Complete 
| 185|0x00000000cb900000, 0x00000000cba00000, 0x00000000cba00000|100%| O|  |TAMS 0x00000000cb900000| PB 0x00000000cb900000| Untracked 
| 186|0x00000000cba00000, 0x00000000cbb00000, 0x00000000cbb00000|100%| O|  |TAMS 0x00000000cba00000| PB 0x00000000cba00000| Untracked 
| 187|0x00000000cbb00000, 0x00000000cbc00000, 0x00000000cbc00000|100%| O|Cm|TAMS 0x00000000cbb00000| PB 0x00000000cbb00000| Complete 
| 188|0x00000000cbc00000, 0x00000000cbc00000, 0x00000000cbd00000|  0%| F|  |TAMS 0x00000000cbc00000| PB 0x00000000cbc00000| Untracked 
| 189|0x00000000cbd00000, 0x00000000cbd00000, 0x00000000cbe00000|  0%| F|  |TAMS 0x00000000cbd00000| PB 0x00000000cbd00000| Untracked 
| 190|0x00000000cbe00000, 0x00000000cbf00000, 0x00000000cbf00000|100%| O|  |TAMS 0x00000000cbe00000| PB 0x00000000cbe00000| Untracked 
| 191|0x00000000cbf00000, 0x00000000cbf00000, 0x00000000cc000000|  0%| F|  |TAMS 0x00000000cbf00000| PB 0x00000000cbf00000| Untracked 
| 192|0x00000000cc000000, 0x00000000cc000000, 0x00000000cc100000|  0%| F|  |TAMS 0x00000000cc000000| PB 0x00000000cc000000| Untracked 
| 193|0x00000000cc100000, 0x00000000cc200000, 0x00000000cc200000|100%| S|CS|TAMS 0x00000000cc100000| PB 0x00000000cc100000| Complete 
| 194|0x00000000cc200000, 0x00000000cc300000, 0x00000000cc300000|100%| S|CS|TAMS 0x00000000cc200000| PB 0x00000000cc200000| Complete 
| 195|0x00000000cc300000, 0x00000000cc300000, 0x00000000cc400000|  0%| F|  |TAMS 0x00000000cc300000| PB 0x00000000cc300000| Untracked 
| 196|0x00000000cc400000, 0x00000000cc400000, 0x00000000cc500000|  0%| F|  |TAMS 0x00000000cc400000| PB 0x00000000cc400000| Untracked 
| 197|0x00000000cc500000, 0x00000000cc500000, 0x00000000cc600000|  0%| F|  |TAMS 0x00000000cc500000| PB 0x00000000cc500000| Untracked 
| 198|0x00000000cc600000, 0x00000000cc600000, 0x00000000cc700000|  0%| F|  |TAMS 0x00000000cc600000| PB 0x00000000cc600000| Untracked 
| 199|0x00000000cc700000, 0x00000000cc700000, 0x00000000cc800000|  0%| F|  |TAMS 0x00000000cc700000| PB 0x00000000cc700000| Untracked 
| 200|0x00000000cc800000, 0x00000000cc800000, 0x00000000cc900000|  0%| F|  |TAMS 0x00000000cc800000| PB 0x00000000cc800000| Untracked 
| 201|0x00000000cc900000, 0x00000000cc900000, 0x00000000cca00000|  0%| F|  |TAMS 0x00000000cc900000| PB 0x00000000cc900000| Untracked 
| 202|0x00000000cca00000, 0x00000000cca00000, 0x00000000ccb00000|  0%| F|  |TAMS 0x00000000cca00000| PB 0x00000000cca00000| Untracked 
| 203|0x00000000ccb00000, 0x00000000ccb00000, 0x00000000ccc00000|  0%| F|  |TAMS 0x00000000ccb00000| PB 0x00000000ccb00000| Untracked 
| 204|0x00000000ccc00000, 0x00000000ccc00000, 0x00000000ccd00000|  0%| F|  |TAMS 0x00000000ccc00000| PB 0x00000000ccc00000| Untracked 
| 205|0x00000000ccd00000, 0x00000000ccd00000, 0x00000000cce00000|  0%| F|  |TAMS 0x00000000ccd00000| PB 0x00000000ccd00000| Untracked 
| 206|0x00000000cce00000, 0x00000000cce00000, 0x00000000ccf00000|  0%| F|  |TAMS 0x00000000cce00000| PB 0x00000000cce00000| Untracked 
| 207|0x00000000ccf00000, 0x00000000ccf00000, 0x00000000cd000000|  0%| F|  |TAMS 0x00000000ccf00000| PB 0x00000000ccf00000| Untracked 
| 208|0x00000000cd000000, 0x00000000cd000000, 0x00000000cd100000|  0%| F|  |TAMS 0x00000000cd000000| PB 0x00000000cd000000| Untracked 
| 209|0x00000000cd100000, 0x00000000cd100000, 0x00000000cd200000|  0%| F|  |TAMS 0x00000000cd100000| PB 0x00000000cd100000| Untracked 
| 210|0x00000000cd200000, 0x00000000cd200000, 0x00000000cd300000|  0%| F|  |TAMS 0x00000000cd200000| PB 0x00000000cd200000| Untracked 
| 211|0x00000000cd300000, 0x00000000cd300000, 0x00000000cd400000|  0%| F|  |TAMS 0x00000000cd300000| PB 0x00000000cd300000| Untracked 
| 212|0x00000000cd400000, 0x00000000cd400000, 0x00000000cd500000|  0%| F|  |TAMS 0x00000000cd400000| PB 0x00000000cd400000| Untracked 
| 213|0x00000000cd500000, 0x00000000cd500000, 0x00000000cd600000|  0%| F|  |TAMS 0x00000000cd500000| PB 0x00000000cd500000| Untracked 
| 214|0x00000000cd600000, 0x00000000cd600000, 0x00000000cd700000|  0%| F|  |TAMS 0x00000000cd600000| PB 0x00000000cd600000| Untracked 
| 215|0x00000000cd700000, 0x00000000cd700000, 0x00000000cd800000|  0%| F|  |TAMS 0x00000000cd700000| PB 0x00000000cd700000| Untracked 
| 216|0x00000000cd800000, 0x00000000cd800000, 0x00000000cd900000|  0%| F|  |TAMS 0x00000000cd800000| PB 0x00000000cd800000| Untracked 
| 217|0x00000000cd900000, 0x00000000cd900000, 0x00000000cda00000|  0%| F|  |TAMS 0x00000000cd900000| PB 0x00000000cd900000| Untracked 
| 218|0x00000000cda00000, 0x00000000cda00000, 0x00000000cdb00000|  0%| F|  |TAMS 0x00000000cda00000| PB 0x00000000cda00000| Untracked 
| 219|0x00000000cdb00000, 0x00000000cdb00000, 0x00000000cdc00000|  0%| F|  |TAMS 0x00000000cdb00000| PB 0x00000000cdb00000| Untracked 
| 220|0x00000000cdc00000, 0x00000000cdc00000, 0x00000000cdd00000|  0%| F|  |TAMS 0x00000000cdc00000| PB 0x00000000cdc00000| Untracked 
| 221|0x00000000cdd00000, 0x00000000cdd00000, 0x00000000cde00000|  0%| F|  |TAMS 0x00000000cdd00000| PB 0x00000000cdd00000| Untracked 
| 222|0x00000000cde00000, 0x00000000cde00000, 0x00000000cdf00000|  0%| F|  |TAMS 0x00000000cde00000| PB 0x00000000cde00000| Untracked 
| 223|0x00000000cdf00000, 0x00000000cdf00000, 0x00000000ce000000|  0%| F|  |TAMS 0x00000000cdf00000| PB 0x00000000cdf00000| Untracked 
| 224|0x00000000ce000000, 0x00000000ce000000, 0x00000000ce100000|  0%| F|  |TAMS 0x00000000ce000000| PB 0x00000000ce000000| Untracked 
| 225|0x00000000ce100000, 0x00000000ce100000, 0x00000000ce200000|  0%| F|  |TAMS 0x00000000ce100000| PB 0x00000000ce100000| Untracked 
| 226|0x00000000ce200000, 0x00000000ce200000, 0x00000000ce300000|  0%| F|  |TAMS 0x00000000ce200000| PB 0x00000000ce200000| Untracked 
| 227|0x00000000ce300000, 0x00000000ce300000, 0x00000000ce400000|  0%| F|  |TAMS 0x00000000ce300000| PB 0x00000000ce300000| Untracked 
| 228|0x00000000ce400000, 0x00000000ce400000, 0x00000000ce500000|  0%| F|  |TAMS 0x00000000ce400000| PB 0x00000000ce400000| Untracked 
| 229|0x00000000ce500000, 0x00000000ce500000, 0x00000000ce600000|  0%| F|  |TAMS 0x00000000ce500000| PB 0x00000000ce500000| Untracked 
| 230|0x00000000ce600000, 0x00000000ce600000, 0x00000000ce700000|  0%| F|  |TAMS 0x00000000ce600000| PB 0x00000000ce600000| Untracked 
| 231|0x00000000ce700000, 0x00000000ce700000, 0x00000000ce800000|  0%| F|  |TAMS 0x00000000ce700000| PB 0x00000000ce700000| Untracked 
| 232|0x00000000ce800000, 0x00000000ce84c148, 0x00000000ce900000| 29%| E|  |TAMS 0x00000000ce800000| PB 0x00000000ce800000| Complete 
| 233|0x00000000ce900000, 0x00000000cea00000, 0x00000000cea00000|100%| E|CS|TAMS 0x00000000ce900000| PB 0x00000000ce900000| Complete 
| 234|0x00000000cea00000, 0x00000000ceb00000, 0x00000000ceb00000|100%| E|  |TAMS 0x00000000cea00000| PB 0x00000000cea00000| Complete 
| 235|0x00000000ceb00000, 0x00000000cec00000, 0x00000000cec00000|100%| E|CS|TAMS 0x00000000ceb00000| PB 0x00000000ceb00000| Complete 
| 236|0x00000000cec00000, 0x00000000ced00000, 0x00000000ced00000|100%| E|CS|TAMS 0x00000000cec00000| PB 0x00000000cec00000| Complete 
| 237|0x00000000ced00000, 0x00000000cee00000, 0x00000000cee00000|100%| E|CS|TAMS 0x00000000ced00000| PB 0x00000000ced00000| Complete 
| 238|0x00000000cee00000, 0x00000000cef00000, 0x00000000cef00000|100%| E|CS|TAMS 0x00000000cee00000| PB 0x00000000cee00000| Complete 
| 239|0x00000000cef00000, 0x00000000cf000000, 0x00000000cf000000|100%| E|CS|TAMS 0x00000000cef00000| PB 0x00000000cef00000| Complete 
| 240|0x00000000cf000000, 0x00000000cf100000, 0x00000000cf100000|100%| E|CS|TAMS 0x00000000cf000000| PB 0x00000000cf000000| Complete 
| 241|0x00000000cf100000, 0x00000000cf200000, 0x00000000cf200000|100%| E|CS|TAMS 0x00000000cf100000| PB 0x00000000cf100000| Complete 
| 242|0x00000000cf200000, 0x00000000cf300000, 0x00000000cf300000|100%| E|CS|TAMS 0x00000000cf200000| PB 0x00000000cf200000| Complete 
| 243|0x00000000cf300000, 0x00000000cf400000, 0x00000000cf400000|100%| E|CS|TAMS 0x00000000cf300000| PB 0x00000000cf300000| Complete 
| 244|0x00000000cf400000, 0x00000000cf500000, 0x00000000cf500000|100%| E|CS|TAMS 0x00000000cf400000| PB 0x00000000cf400000| Complete 
| 245|0x00000000cf500000, 0x00000000cf600000, 0x00000000cf600000|100%| E|CS|TAMS 0x00000000cf500000| PB 0x00000000cf500000| Complete 
| 246|0x00000000cf600000, 0x00000000cf700000, 0x00000000cf700000|100%| E|CS|TAMS 0x00000000cf600000| PB 0x00000000cf600000| Complete 
| 247|0x00000000cf700000, 0x00000000cf800000, 0x00000000cf800000|100%| E|CS|TAMS 0x00000000cf700000| PB 0x00000000cf700000| Complete 
| 248|0x00000000cf800000, 0x00000000cf900000, 0x00000000cf900000|100%| E|CS|TAMS 0x00000000cf800000| PB 0x00000000cf800000| Complete 
| 249|0x00000000cf900000, 0x00000000cfa00000, 0x00000000cfa00000|100%| E|CS|TAMS 0x00000000cf900000| PB 0x00000000cf900000| Complete 
| 250|0x00000000cfa00000, 0x00000000cfb00000, 0x00000000cfb00000|100%| E|CS|TAMS 0x00000000cfa00000| PB 0x00000000cfa00000| Complete 
| 251|0x00000000cfb00000, 0x00000000cfc00000, 0x00000000cfc00000|100%| E|CS|TAMS 0x00000000cfb00000| PB 0x00000000cfb00000| Complete 
| 252|0x00000000cfc00000, 0x00000000cfd00000, 0x00000000cfd00000|100%| E|CS|TAMS 0x00000000cfc00000| PB 0x00000000cfc00000| Complete 
| 253|0x00000000cfd00000, 0x00000000cfe00000, 0x00000000cfe00000|100%| E|CS|TAMS 0x00000000cfd00000| PB 0x00000000cfd00000| Complete 
| 254|0x00000000cfe00000, 0x00000000cff00000, 0x00000000cff00000|100%| E|CS|TAMS 0x00000000cfe00000| PB 0x00000000cfe00000| Complete 
| 255|0x00000000cff00000, 0x00000000d0000000, 0x00000000d0000000|100%| E|CS|TAMS 0x00000000cff00000| PB 0x00000000cff00000| Complete 
| 256|0x00000000d0000000, 0x00000000d0100000, 0x00000000d0100000|100%| E|CS|TAMS 0x00000000d0000000| PB 0x00000000d0000000| Complete 
| 257|0x00000000d0100000, 0x00000000d0200000, 0x00000000d0200000|100%| E|CS|TAMS 0x00000000d0100000| PB 0x00000000d0100000| Complete 
| 258|0x00000000d0200000, 0x00000000d0300000, 0x00000000d0300000|100%| E|CS|TAMS 0x00000000d0200000| PB 0x00000000d0200000| Complete 
| 259|0x00000000d0300000, 0x00000000d0400000, 0x00000000d0400000|100%| E|CS|TAMS 0x00000000d0300000| PB 0x00000000d0300000| Complete 
| 260|0x00000000d0400000, 0x00000000d0500000, 0x00000000d0500000|100%| E|CS|TAMS 0x00000000d0400000| PB 0x00000000d0400000| Complete 
| 261|0x00000000d0500000, 0x00000000d0600000, 0x00000000d0600000|100%| E|CS|TAMS 0x00000000d0500000| PB 0x00000000d0500000| Complete 
| 262|0x00000000d0600000, 0x00000000d0700000, 0x00000000d0700000|100%| E|CS|TAMS 0x00000000d0600000| PB 0x00000000d0600000| Complete 
| 263|0x00000000d0700000, 0x00000000d0800000, 0x00000000d0800000|100%| E|CS|TAMS 0x00000000d0700000| PB 0x00000000d0700000| Complete 
| 264|0x00000000d0800000, 0x00000000d0900000, 0x00000000d0900000|100%| E|CS|TAMS 0x00000000d0800000| PB 0x00000000d0800000| Complete 
| 265|0x00000000d0900000, 0x00000000d0a00000, 0x00000000d0a00000|100%| E|CS|TAMS 0x00000000d0900000| PB 0x00000000d0900000| Complete 
| 266|0x00000000d0a00000, 0x00000000d0b00000, 0x00000000d0b00000|100%| E|CS|TAMS 0x00000000d0a00000| PB 0x00000000d0a00000| Complete 
| 267|0x00000000d0b00000, 0x00000000d0c00000, 0x00000000d0c00000|100%| E|CS|TAMS 0x00000000d0b00000| PB 0x00000000d0b00000| Complete 
| 268|0x00000000d0c00000, 0x00000000d0d00000, 0x00000000d0d00000|100%| E|CS|TAMS 0x00000000d0c00000| PB 0x00000000d0c00000| Complete 
| 269|0x00000000d0d00000, 0x00000000d0e00000, 0x00000000d0e00000|100%| E|CS|TAMS 0x00000000d0d00000| PB 0x00000000d0d00000| Complete 
| 270|0x00000000d0e00000, 0x00000000d0f00000, 0x00000000d0f00000|100%| E|CS|TAMS 0x00000000d0e00000| PB 0x00000000d0e00000| Complete 
| 271|0x00000000d0f00000, 0x00000000d1000000, 0x00000000d1000000|100%| E|CS|TAMS 0x00000000d0f00000| PB 0x00000000d0f00000| Complete 
| 272|0x00000000d1000000, 0x00000000d1100000, 0x00000000d1100000|100%| E|CS|TAMS 0x00000000d1000000| PB 0x00000000d1000000| Complete 
| 273|0x00000000d1100000, 0x00000000d1200000, 0x00000000d1200000|100%| E|CS|TAMS 0x00000000d1100000| PB 0x00000000d1100000| Complete 
| 274|0x00000000d1200000, 0x00000000d1300000, 0x00000000d1300000|100%| E|CS|TAMS 0x00000000d1200000| PB 0x00000000d1200000| Complete 
| 275|0x00000000d1300000, 0x00000000d1400000, 0x00000000d1400000|100%| E|CS|TAMS 0x00000000d1300000| PB 0x00000000d1300000| Complete 
| 276|0x00000000d1400000, 0x00000000d1500000, 0x00000000d1500000|100%| E|CS|TAMS 0x00000000d1400000| PB 0x00000000d1400000| Complete 
| 277|0x00000000d1500000, 0x00000000d1600000, 0x00000000d1600000|100%| E|CS|TAMS 0x00000000d1500000| PB 0x00000000d1500000| Complete 
| 278|0x00000000d1600000, 0x00000000d1700000, 0x00000000d1700000|100%| E|CS|TAMS 0x00000000d1600000| PB 0x00000000d1600000| Complete 
| 279|0x00000000d1700000, 0x00000000d1800000, 0x00000000d1800000|100%| E|CS|TAMS 0x00000000d1700000| PB 0x00000000d1700000| Complete 
| 280|0x00000000d1800000, 0x00000000d1900000, 0x00000000d1900000|100%| E|CS|TAMS 0x00000000d1800000| PB 0x00000000d1800000| Complete 
| 281|0x00000000d1900000, 0x00000000d1a00000, 0x00000000d1a00000|100%| E|CS|TAMS 0x00000000d1900000| PB 0x00000000d1900000| Complete 
| 282|0x00000000d1a00000, 0x00000000d1b00000, 0x00000000d1b00000|100%| E|CS|TAMS 0x00000000d1a00000| PB 0x00000000d1a00000| Complete 
| 283|0x00000000d1b00000, 0x00000000d1c00000, 0x00000000d1c00000|100%| E|CS|TAMS 0x00000000d1b00000| PB 0x00000000d1b00000| Complete 
| 284|0x00000000d1c00000, 0x00000000d1d00000, 0x00000000d1d00000|100%| E|CS|TAMS 0x00000000d1c00000| PB 0x00000000d1c00000| Complete 
| 285|0x00000000d1d00000, 0x00000000d1e00000, 0x00000000d1e00000|100%| E|CS|TAMS 0x00000000d1d00000| PB 0x00000000d1d00000| Complete 
| 286|0x00000000d1e00000, 0x00000000d1f00000, 0x00000000d1f00000|100%| E|CS|TAMS 0x00000000d1e00000| PB 0x00000000d1e00000| Complete 
| 287|0x00000000d1f00000, 0x00000000d2000000, 0x00000000d2000000|100%| E|CS|TAMS 0x00000000d1f00000| PB 0x00000000d1f00000| Complete 
| 288|0x00000000d2000000, 0x00000000d2100000, 0x00000000d2100000|100%| E|CS|TAMS 0x00000000d2000000| PB 0x00000000d2000000| Complete 
| 289|0x00000000d2100000, 0x00000000d2200000, 0x00000000d2200000|100%| E|CS|TAMS 0x00000000d2100000| PB 0x00000000d2100000| Complete 
| 290|0x00000000d2200000, 0x00000000d2300000, 0x00000000d2300000|100%| E|CS|TAMS 0x00000000d2200000| PB 0x00000000d2200000| Complete 
| 291|0x00000000d2300000, 0x00000000d2400000, 0x00000000d2400000|100%| E|CS|TAMS 0x00000000d2300000| PB 0x00000000d2300000| Complete 
| 292|0x00000000d2400000, 0x00000000d2500000, 0x00000000d2500000|100%| E|CS|TAMS 0x00000000d2400000| PB 0x00000000d2400000| Complete 
| 293|0x00000000d2500000, 0x00000000d2600000, 0x00000000d2600000|100%| E|CS|TAMS 0x00000000d2500000| PB 0x00000000d2500000| Complete 
| 294|0x00000000d2600000, 0x00000000d2700000, 0x00000000d2700000|100%| E|CS|TAMS 0x00000000d2600000| PB 0x00000000d2600000| Complete 
| 295|0x00000000d2700000, 0x00000000d2800000, 0x00000000d2800000|100%| E|CS|TAMS 0x00000000d2700000| PB 0x00000000d2700000| Complete 
| 296|0x00000000d2800000, 0x00000000d2900000, 0x00000000d2900000|100%| E|CS|TAMS 0x00000000d2800000| PB 0x00000000d2800000| Complete 
| 297|0x00000000d2900000, 0x00000000d2a00000, 0x00000000d2a00000|100%| E|CS|TAMS 0x00000000d2900000| PB 0x00000000d2900000| Complete 
| 298|0x00000000d2a00000, 0x00000000d2b00000, 0x00000000d2b00000|100%| E|CS|TAMS 0x00000000d2a00000| PB 0x00000000d2a00000| Complete 
| 299|0x00000000d2b00000, 0x00000000d2c00000, 0x00000000d2c00000|100%| E|CS|TAMS 0x00000000d2b00000| PB 0x00000000d2b00000| Complete 
| 300|0x00000000d2c00000, 0x00000000d2d00000, 0x00000000d2d00000|100%| E|CS|TAMS 0x00000000d2c00000| PB 0x00000000d2c00000| Complete 
| 301|0x00000000d2d00000, 0x00000000d2e00000, 0x00000000d2e00000|100%| E|CS|TAMS 0x00000000d2d00000| PB 0x00000000d2d00000| Complete 
| 302|0x00000000d2e00000, 0x00000000d2f00000, 0x00000000d2f00000|100%| E|CS|TAMS 0x00000000d2e00000| PB 0x00000000d2e00000| Complete 
| 303|0x00000000d2f00000, 0x00000000d3000000, 0x00000000d3000000|100%| E|CS|TAMS 0x00000000d2f00000| PB 0x00000000d2f00000| Complete 
| 304|0x00000000d3000000, 0x00000000d3100000, 0x00000000d3100000|100%| E|CS|TAMS 0x00000000d3000000| PB 0x00000000d3000000| Complete 
| 305|0x00000000d3100000, 0x00000000d3200000, 0x00000000d3200000|100%| E|CS|TAMS 0x00000000d3100000| PB 0x00000000d3100000| Complete 
| 306|0x00000000d3200000, 0x00000000d3300000, 0x00000000d3300000|100%| E|CS|TAMS 0x00000000d3200000| PB 0x00000000d3200000| Complete 
| 307|0x00000000d3300000, 0x00000000d3400000, 0x00000000d3400000|100%| E|CS|TAMS 0x00000000d3300000| PB 0x00000000d3300000| Complete 
| 308|0x00000000d3400000, 0x00000000d3500000, 0x00000000d3500000|100%| E|CS|TAMS 0x00000000d3400000| PB 0x00000000d3400000| Complete 
| 309|0x00000000d3500000, 0x00000000d3600000, 0x00000000d3600000|100%| E|CS|TAMS 0x00000000d3500000| PB 0x00000000d3500000| Complete 
| 310|0x00000000d3600000, 0x00000000d3700000, 0x00000000d3700000|100%| E|CS|TAMS 0x00000000d3600000| PB 0x00000000d3600000| Complete 
| 311|0x00000000d3700000, 0x00000000d3800000, 0x00000000d3800000|100%| E|CS|TAMS 0x00000000d3700000| PB 0x00000000d3700000| Complete 
| 312|0x00000000d3800000, 0x00000000d3900000, 0x00000000d3900000|100%| E|CS|TAMS 0x00000000d3800000| PB 0x00000000d3800000| Complete 
| 313|0x00000000d3900000, 0x00000000d3a00000, 0x00000000d3a00000|100%| E|CS|TAMS 0x00000000d3900000| PB 0x00000000d3900000| Complete 
| 314|0x00000000d3a00000, 0x00000000d3b00000, 0x00000000d3b00000|100%| E|CS|TAMS 0x00000000d3a00000| PB 0x00000000d3a00000| Complete 
| 315|0x00000000d3b00000, 0x00000000d3c00000, 0x00000000d3c00000|100%| E|CS|TAMS 0x00000000d3b00000| PB 0x00000000d3b00000| Complete 
| 316|0x00000000d3c00000, 0x00000000d3d00000, 0x00000000d3d00000|100%| E|CS|TAMS 0x00000000d3c00000| PB 0x00000000d3c00000| Complete 
| 317|0x00000000d3d00000, 0x00000000d3e00000, 0x00000000d3e00000|100%| E|CS|TAMS 0x00000000d3d00000| PB 0x00000000d3d00000| Complete 
| 318|0x00000000d3e00000, 0x00000000d3f00000, 0x00000000d3f00000|100%| E|CS|TAMS 0x00000000d3e00000| PB 0x00000000d3e00000| Complete 
| 319|0x00000000d3f00000, 0x00000000d4000000, 0x00000000d4000000|100%| E|CS|TAMS 0x00000000d3f00000| PB 0x00000000d3f00000| Complete 
| 320|0x00000000d4000000, 0x00000000d4100000, 0x00000000d4100000|100%| E|CS|TAMS 0x00000000d4000000| PB 0x00000000d4000000| Complete 
| 321|0x00000000d4100000, 0x00000000d4200000, 0x00000000d4200000|100%| E|CS|TAMS 0x00000000d4100000| PB 0x00000000d4100000| Complete 
| 322|0x00000000d4200000, 0x00000000d4300000, 0x00000000d4300000|100%| E|CS|TAMS 0x00000000d4200000| PB 0x00000000d4200000| Complete 
| 323|0x00000000d4300000, 0x00000000d4400000, 0x00000000d4400000|100%| E|CS|TAMS 0x00000000d4300000| PB 0x00000000d4300000| Complete 
| 324|0x00000000d4400000, 0x00000000d4500000, 0x00000000d4500000|100%| E|CS|TAMS 0x00000000d4400000| PB 0x00000000d4400000| Complete 
| 325|0x00000000d4500000, 0x00000000d4600000, 0x00000000d4600000|100%| E|CS|TAMS 0x00000000d4500000| PB 0x00000000d4500000| Complete 
| 326|0x00000000d4600000, 0x00000000d4700000, 0x00000000d4700000|100%| E|CS|TAMS 0x00000000d4600000| PB 0x00000000d4600000| Complete 
| 327|0x00000000d4700000, 0x00000000d4800000, 0x00000000d4800000|100%| E|CS|TAMS 0x00000000d4700000| PB 0x00000000d4700000| Complete 
| 328|0x00000000d4800000, 0x00000000d4900000, 0x00000000d4900000|100%| E|CS|TAMS 0x00000000d4800000| PB 0x00000000d4800000| Complete 
| 329|0x00000000d4900000, 0x00000000d4a00000, 0x00000000d4a00000|100%| E|CS|TAMS 0x00000000d4900000| PB 0x00000000d4900000| Complete 
| 330|0x00000000d4a00000, 0x00000000d4b00000, 0x00000000d4b00000|100%| E|CS|TAMS 0x00000000d4a00000| PB 0x00000000d4a00000| Complete 
| 331|0x00000000d4b00000, 0x00000000d4c00000, 0x00000000d4c00000|100%| E|CS|TAMS 0x00000000d4b00000| PB 0x00000000d4b00000| Complete 
| 332|0x00000000d4c00000, 0x00000000d4d00000, 0x00000000d4d00000|100%| E|CS|TAMS 0x00000000d4c00000| PB 0x00000000d4c00000| Complete 
| 333|0x00000000d4d00000, 0x00000000d4e00000, 0x00000000d4e00000|100%| E|CS|TAMS 0x00000000d4d00000| PB 0x00000000d4d00000| Complete 
| 334|0x00000000d4e00000, 0x00000000d4f00000, 0x00000000d4f00000|100%| E|CS|TAMS 0x00000000d4e00000| PB 0x00000000d4e00000| Complete 
| 335|0x00000000d4f00000, 0x00000000d5000000, 0x00000000d5000000|100%| E|CS|TAMS 0x00000000d4f00000| PB 0x00000000d4f00000| Complete 
| 336|0x00000000d5000000, 0x00000000d5100000, 0x00000000d5100000|100%| E|CS|TAMS 0x00000000d5000000| PB 0x00000000d5000000| Complete 
| 337|0x00000000d5100000, 0x00000000d5200000, 0x00000000d5200000|100%| E|CS|TAMS 0x00000000d5100000| PB 0x00000000d5100000| Complete 
| 338|0x00000000d5200000, 0x00000000d5300000, 0x00000000d5300000|100%| E|CS|TAMS 0x00000000d5200000| PB 0x00000000d5200000| Complete 
| 339|0x00000000d5300000, 0x00000000d5400000, 0x00000000d5400000|100%| E|CS|TAMS 0x00000000d5300000| PB 0x00000000d5300000| Complete 
| 340|0x00000000d5400000, 0x00000000d5500000, 0x00000000d5500000|100%| E|CS|TAMS 0x00000000d5400000| PB 0x00000000d5400000| Complete 
| 341|0x00000000d5500000, 0x00000000d5600000, 0x00000000d5600000|100%| E|CS|TAMS 0x00000000d5500000| PB 0x00000000d5500000| Complete 
| 342|0x00000000d5600000, 0x00000000d5700000, 0x00000000d5700000|100%| E|CS|TAMS 0x00000000d5600000| PB 0x00000000d5600000| Complete 
| 343|0x00000000d5700000, 0x00000000d5800000, 0x00000000d5800000|100%| E|CS|TAMS 0x00000000d5700000| PB 0x00000000d5700000| Complete 
| 344|0x00000000d5800000, 0x00000000d5900000, 0x00000000d5900000|100%| E|CS|TAMS 0x00000000d5800000| PB 0x00000000d5800000| Complete 
| 345|0x00000000d5900000, 0x00000000d5a00000, 0x00000000d5a00000|100%| E|CS|TAMS 0x00000000d5900000| PB 0x00000000d5900000| Complete 
| 346|0x00000000d5a00000, 0x00000000d5b00000, 0x00000000d5b00000|100%| E|CS|TAMS 0x00000000d5a00000| PB 0x00000000d5a00000| Complete 
| 347|0x00000000d5b00000, 0x00000000d5c00000, 0x00000000d5c00000|100%| E|CS|TAMS 0x00000000d5b00000| PB 0x00000000d5b00000| Complete 
| 348|0x00000000d5c00000, 0x00000000d5d00000, 0x00000000d5d00000|100%| E|CS|TAMS 0x00000000d5c00000| PB 0x00000000d5c00000| Complete 
| 349|0x00000000d5d00000, 0x00000000d5e00000, 0x00000000d5e00000|100%| E|CS|TAMS 0x00000000d5d00000| PB 0x00000000d5d00000| Complete 
| 350|0x00000000d5e00000, 0x00000000d5f00000, 0x00000000d5f00000|100%| E|CS|TAMS 0x00000000d5e00000| PB 0x00000000d5e00000| Complete 
| 351|0x00000000d5f00000, 0x00000000d6000000, 0x00000000d6000000|100%| E|CS|TAMS 0x00000000d5f00000| PB 0x00000000d5f00000| Complete 
| 352|0x00000000d6000000, 0x00000000d6100000, 0x00000000d6100000|100%| E|CS|TAMS 0x00000000d6000000| PB 0x00000000d6000000| Complete 
| 353|0x00000000d6100000, 0x00000000d6200000, 0x00000000d6200000|100%| E|CS|TAMS 0x00000000d6100000| PB 0x00000000d6100000| Complete 
| 354|0x00000000d6200000, 0x00000000d6300000, 0x00000000d6300000|100%| E|CS|TAMS 0x00000000d6200000| PB 0x00000000d6200000| Complete 
| 355|0x00000000d6300000, 0x00000000d6400000, 0x00000000d6400000|100%| E|CS|TAMS 0x00000000d6300000| PB 0x00000000d6300000| Complete 
| 356|0x00000000d6400000, 0x00000000d6500000, 0x00000000d6500000|100%| E|CS|TAMS 0x00000000d6400000| PB 0x00000000d6400000| Complete 
| 357|0x00000000d6500000, 0x00000000d6600000, 0x00000000d6600000|100%| E|CS|TAMS 0x00000000d6500000| PB 0x00000000d6500000| Complete 
| 358|0x00000000d6600000, 0x00000000d6700000, 0x00000000d6700000|100%| E|CS|TAMS 0x00000000d6600000| PB 0x00000000d6600000| Complete 
| 359|0x00000000d6700000, 0x00000000d6800000, 0x00000000d6800000|100%| E|CS|TAMS 0x00000000d6700000| PB 0x00000000d6700000| Complete 
| 360|0x00000000d6800000, 0x00000000d6900000, 0x00000000d6900000|100%| E|CS|TAMS 0x00000000d6800000| PB 0x00000000d6800000| Complete 
| 361|0x00000000d6900000, 0x00000000d6a00000, 0x00000000d6a00000|100%| E|CS|TAMS 0x00000000d6900000| PB 0x00000000d6900000| Complete 
| 362|0x00000000d6a00000, 0x00000000d6b00000, 0x00000000d6b00000|100%| E|CS|TAMS 0x00000000d6a00000| PB 0x00000000d6a00000| Complete 
| 363|0x00000000d6b00000, 0x00000000d6c00000, 0x00000000d6c00000|100%| E|CS|TAMS 0x00000000d6b00000| PB 0x00000000d6b00000| Complete 
| 364|0x00000000d6c00000, 0x00000000d6d00000, 0x00000000d6d00000|100%| E|CS|TAMS 0x00000000d6c00000| PB 0x00000000d6c00000| Complete 
| 365|0x00000000d6d00000, 0x00000000d6e00000, 0x00000000d6e00000|100%| E|CS|TAMS 0x00000000d6d00000| PB 0x00000000d6d00000| Complete 
| 366|0x00000000d6e00000, 0x00000000d6f00000, 0x00000000d6f00000|100%| E|CS|TAMS 0x00000000d6e00000| PB 0x00000000d6e00000| Complete 
| 367|0x00000000d6f00000, 0x00000000d7000000, 0x00000000d7000000|100%| E|CS|TAMS 0x00000000d6f00000| PB 0x00000000d6f00000| Complete 
| 368|0x00000000d7000000, 0x00000000d7100000, 0x00000000d7100000|100%| E|CS|TAMS 0x00000000d7000000| PB 0x00000000d7000000| Complete 
| 369|0x00000000d7100000, 0x00000000d7200000, 0x00000000d7200000|100%| E|CS|TAMS 0x00000000d7100000| PB 0x00000000d7100000| Complete 
| 370|0x00000000d7200000, 0x00000000d7300000, 0x00000000d7300000|100%| E|CS|TAMS 0x00000000d7200000| PB 0x00000000d7200000| Complete 
| 371|0x00000000d7300000, 0x00000000d7400000, 0x00000000d7400000|100%| E|CS|TAMS 0x00000000d7300000| PB 0x00000000d7300000| Complete 
| 372|0x00000000d7400000, 0x00000000d7500000, 0x00000000d7500000|100%| E|CS|TAMS 0x00000000d7400000| PB 0x00000000d7400000| Complete 
| 373|0x00000000d7500000, 0x00000000d7600000, 0x00000000d7600000|100%| E|CS|TAMS 0x00000000d7500000| PB 0x00000000d7500000| Complete 
| 374|0x00000000d7600000, 0x00000000d7700000, 0x00000000d7700000|100%| E|CS|TAMS 0x00000000d7600000| PB 0x00000000d7600000| Complete 
| 375|0x00000000d7700000, 0x00000000d7800000, 0x00000000d7800000|100%| E|CS|TAMS 0x00000000d7700000| PB 0x00000000d7700000| Complete 
| 376|0x00000000d7800000, 0x00000000d7900000, 0x00000000d7900000|100%| E|CS|TAMS 0x00000000d7800000| PB 0x00000000d7800000| Complete 
| 377|0x00000000d7900000, 0x00000000d7a00000, 0x00000000d7a00000|100%| E|CS|TAMS 0x00000000d7900000| PB 0x00000000d7900000| Complete 
| 378|0x00000000d7a00000, 0x00000000d7b00000, 0x00000000d7b00000|100%| E|CS|TAMS 0x00000000d7a00000| PB 0x00000000d7a00000| Complete 
| 379|0x00000000d7b00000, 0x00000000d7c00000, 0x00000000d7c00000|100%| E|CS|TAMS 0x00000000d7b00000| PB 0x00000000d7b00000| Complete 
| 380|0x00000000d7c00000, 0x00000000d7d00000, 0x00000000d7d00000|100%| E|CS|TAMS 0x00000000d7c00000| PB 0x00000000d7c00000| Complete 
| 381|0x00000000d7d00000, 0x00000000d7e00000, 0x00000000d7e00000|100%| E|CS|TAMS 0x00000000d7d00000| PB 0x00000000d7d00000| Complete 
| 382|0x00000000d7e00000, 0x00000000d7f00000, 0x00000000d7f00000|100%| E|CS|TAMS 0x00000000d7e00000| PB 0x00000000d7e00000| Complete 
| 383|0x00000000d7f00000, 0x00000000d8000000, 0x00000000d8000000|100%| E|CS|TAMS 0x00000000d7f00000| PB 0x00000000d7f00000| Complete 
| 384|0x00000000d8000000, 0x00000000d8100000, 0x00000000d8100000|100%| E|CS|TAMS 0x00000000d8000000| PB 0x00000000d8000000| Complete 
| 385|0x00000000d8100000, 0x00000000d8200000, 0x00000000d8200000|100%| E|CS|TAMS 0x00000000d8100000| PB 0x00000000d8100000| Complete 
| 386|0x00000000d8200000, 0x00000000d8300000, 0x00000000d8300000|100%| E|CS|TAMS 0x00000000d8200000| PB 0x00000000d8200000| Complete 
| 387|0x00000000d8300000, 0x00000000d8400000, 0x00000000d8400000|100%| E|CS|TAMS 0x00000000d8300000| PB 0x00000000d8300000| Complete 
| 388|0x00000000d8400000, 0x00000000d8500000, 0x00000000d8500000|100%| E|CS|TAMS 0x00000000d8400000| PB 0x00000000d8400000| Complete 
| 389|0x00000000d8500000, 0x00000000d8600000, 0x00000000d8600000|100%| E|CS|TAMS 0x00000000d8500000| PB 0x00000000d8500000| Complete 
|1009|0x00000000ff100000, 0x00000000ff200000, 0x00000000ff200000|100%| O|  |TAMS 0x00000000ff100000| PB 0x00000000ff100000| Untracked 
|1010|0x00000000ff200000, 0x00000000ff300000, 0x00000000ff300000|100%| O|  |TAMS 0x00000000ff200000| PB 0x00000000ff200000| Untracked 
|1011|0x00000000ff300000, 0x00000000ff400000, 0x00000000ff400000|100%| E|CS|TAMS 0x00000000ff300000| PB 0x00000000ff300000| Complete 
|1012|0x00000000ff400000, 0x00000000ff500000, 0x00000000ff500000|100%| E|CS|TAMS 0x00000000ff400000| PB 0x00000000ff400000| Complete 
|1013|0x00000000ff500000, 0x00000000ff600000, 0x00000000ff600000|100%| E|CS|TAMS 0x00000000ff500000| PB 0x00000000ff500000| Complete 
|1014|0x00000000ff600000, 0x00000000ff700000, 0x00000000ff700000|100%| E|CS|TAMS 0x00000000ff600000| PB 0x00000000ff600000| Complete 
|1015|0x00000000ff700000, 0x00000000ff800000, 0x00000000ff800000|100%| E|CS|TAMS 0x00000000ff700000| PB 0x00000000ff700000| Complete 
|1016|0x00000000ff800000, 0x00000000ff900000, 0x00000000ff900000|100%| E|CS|TAMS 0x00000000ff800000| PB 0x00000000ff800000| Complete 
|1017|0x00000000ff900000, 0x00000000ffa00000, 0x00000000ffa00000|100%| E|CS|TAMS 0x00000000ff900000| PB 0x00000000ff900000| Complete 
|1018|0x00000000ffa00000, 0x00000000ffb00000, 0x00000000ffb00000|100%| E|CS|TAMS 0x00000000ffa00000| PB 0x00000000ffa00000| Complete 
|1019|0x00000000ffb00000, 0x00000000ffc00000, 0x00000000ffc00000|100%| E|CS|TAMS 0x00000000ffb00000| PB 0x00000000ffb00000| Complete 
|1020|0x00000000ffc00000, 0x00000000ffd00000, 0x00000000ffd00000|100%| E|CS|TAMS 0x00000000ffc00000| PB 0x00000000ffc00000| Complete 
|1021|0x00000000ffd00000, 0x00000000ffe00000, 0x00000000ffe00000|100%| O|Cm|TAMS 0x00000000ffd00000| PB 0x00000000ffd00000| Complete 
|1022|0x00000000ffe00000, 0x00000000fff00000, 0x00000000fff00000|100%| O|  |TAMS 0x00000000ffe00000| PB 0x00000000ffe00000| Untracked 
|1023|0x00000000fff00000, 0x0000000100000000, 0x0000000100000000|100%| O|  |TAMS 0x00000000fff00000| PB 0x00000000fff00000| Untracked 

Card table byte_map: [0x0000016a7fdf0000,0x0000016a7fff0000] _byte_map_base: 0x0000016a7f7f0000

Marking Bits: (CMBitMap*) 0x0000016a7c793ae0
 Bits: [0x0000016a0f000000, 0x0000016a10000000)

Polling page: 0x0000016a7bd80000

Metaspace:

Usage:
  Non-class:    135.42 MB used.
      Class:     21.89 MB used.
       Both:    157.32 MB used.

Virtual space:
  Non-class space:      192.00 MB reserved,     138.38 MB ( 72%) committed,  3 nodes.
      Class space:      208.00 MB reserved,      23.69 MB ( 11%) committed,  1 nodes.
             Both:      400.00 MB reserved,     162.06 MB ( 41%) committed. 

Chunk freelists:
   Non-Class:  7.62 MB
       Class:  9.31 MB
        Both:  16.93 MB

MaxMetaspaceSize: 256.00 MB
CompressedClassSpaceSize: 208.00 MB
Initial GC threshold: 21.00 MB
Current GC threshold: 256.00 MB
CDS: off
 - commit_granule_bytes: 65536.
 - commit_granule_words: 8192.
 - virtual_space_node_default_size: 8388608.
 - enlarge_chunks_in_place: 1.
 - use_allocation_guard: 0.


Internal statistics:

num_allocs_failed_limit: 6.
num_arena_births: 5192.
num_arena_deaths: 2458.
num_vsnodes_births: 4.
num_vsnodes_deaths: 0.
num_space_committed: 2594.
num_space_uncommitted: 1.
num_chunks_returned_to_freelist: 2796.
num_chunks_taken_from_freelist: 12217.
num_chunk_merges: 995.
num_chunk_splits: 7952.
num_chunks_enlarged: 5089.
num_inconsistent_stats: 0.

CodeHeap 'non-profiled nmethods': size=120000Kb used=12627Kb max_used=12765Kb free=107372Kb
 bounds [0x0000016a07ad0000, 0x0000016a08760000, 0x0000016a0f000000]
CodeHeap 'profiled nmethods': size=120000Kb used=28332Kb max_used=31784Kb free=91668Kb
 bounds [0x0000016a00000000, 0x0000016a01f10000, 0x0000016a07530000]
CodeHeap 'non-nmethods': size=5760Kb used=2167Kb max_used=2229Kb free=3592Kb
 bounds [0x0000016a07530000, 0x0000016a077a0000, 0x0000016a07ad0000]
CodeCache: size=245760Kb, used=43126Kb, max_used=46778Kb, free=202632Kb
 total_blobs=15833, nmethods=14807, adapters=929, full_count=0
Compilation: enabled, stopped_count=0, restarted_count=0

Compilation events (20 events):
Event: 1375.605 Thread 0x0000016a12c3f570 nmethod 23954% 0x0000016a08232610 code [0x0000016a082327c0, 0x0000016a082330d8]
Event: 1375.606 Thread 0x0000016a12c3f570 23955       4       java.util.zip.ZipFile$Source::initCEN (612 bytes)
Event: 1375.610 Thread 0x0000016a12c45520 23956       3       java.lang.ClassValue::get (31 bytes)
Event: 1375.614 Thread 0x0000016a12c45520 nmethod 23956 0x0000016a009aa810 code [0x0000016a009aaa40, 0x0000016a009ab318]
Event: 1375.614 Thread 0x0000016a12c45520 23958       2       java.lang.ClassValue$ClassValueMap::probeHomeLocation (13 bytes)
Event: 1375.614 Thread 0x0000016a12c45520 nmethod 23958 0x0000016a01053510 code [0x0000016a010536a0, 0x0000016a010537b8]
Event: 1375.614 Thread 0x0000016a12c45520 23959       2       java.lang.ClassValue$ClassValueMap::loadFromCache (9 bytes)
Event: 1375.614 Thread 0x0000016a12c45520 nmethod 23959 0x0000016a006a4810 code [0x0000016a006a49a0, 0x0000016a006a4ab0]
Event: 1375.614 Thread 0x0000016a12c45520 23960       2       java.lang.ClassValue::castEntry (2 bytes)
Event: 1375.614 Thread 0x0000016a12c45520 nmethod 23960 0x0000016a00720610 code [0x0000016a007207a0, 0x0000016a007208a8]
Event: 1375.614 Thread 0x0000016a12c45520 23961       3       java.lang.ClassValue::match (21 bytes)
Event: 1375.615 Thread 0x0000016a12c45520 nmethod 23961 0x0000016a011e3910 code [0x0000016a011e3ac0, 0x0000016a011e3d10]
Event: 1375.651 Thread 0x0000016a12c45520 23964       3       java.io.ClassCache::get (56 bytes)
Event: 1375.653 Thread 0x0000016a12c45520 nmethod 23964 0x0000016a00071390 code [0x0000016a00071620, 0x0000016a000721e0]
Event: 1375.653 Thread 0x0000016a12c45520 23965       1       java.io.ObjectInputStream$BlockDataInputStream::getBlockDataMode (5 bytes)
Event: 1375.653 Thread 0x0000016a12c45520 nmethod 23965 0x0000016a07c2c610 code [0x0000016a07c2c7a0, 0x0000016a07c2c870]
Event: 1375.678 Thread 0x0000016a12c45520 23966       2       com.google.common.cache.LocalCache$Segment::recordRead (29 bytes)
Event: 1375.678 Thread 0x0000016a12c45520 nmethod 23966 0x0000016a00454890 code [0x0000016a00454a40, 0x0000016a00454bf8]
Event: 1375.777 Thread 0x0000016a12c45520 23967       1       org.gradle.internal.io.StreamByteBuffer::access$100 (5 bytes)
Event: 1375.777 Thread 0x0000016a12c45520 nmethod 23967 0x0000016a083ac790 code [0x0000016a083ac920, 0x0000016a083ac9d0]

GC Heap History (20 events):
Event: 363.366 GC heap before
{Heap before GC invocations=155 (full 0):
 garbage-first heap   total 398336K, used 377267K [0x00000000c0000000, 0x0000000100000000)
  region size 1024K, 198 young (202752K), 6 survivors (6144K)
 Metaspace       used 161844K, committed 164416K, reserved 409600K
  class space    used 22994K, committed 24256K, reserved 212992K
}
Event: 363.416 GC heap after
{Heap after GC invocations=156 (full 0):
 garbage-first heap   total 398336K, used 177833K [0x00000000c0000000, 0x0000000100000000)
  region size 1024K, 6 young (6144K), 6 survivors (6144K)
 Metaspace       used 161844K, committed 164416K, reserved 409600K
  class space    used 22994K, committed 24256K, reserved 212992K
}
Event: 378.886 GC heap before
{Heap before GC invocations=156 (full 0):
 garbage-first heap   total 398336K, used 301737K [0x00000000c0000000, 0x0000000100000000)
  region size 1024K, 129 young (132096K), 6 survivors (6144K)
 Metaspace       used 162067K, committed 164608K, reserved 409600K
  class space    used 22999K, committed 24256K, reserved 212992K
}
Event: 378.902 GC heap after
{Heap after GC invocations=157 (full 0):
 garbage-first heap   total 398336K, used 182523K [0x00000000c0000000, 0x0000000100000000)
  region size 1024K, 11 young (11264K), 11 survivors (11264K)
 Metaspace       used 162067K, committed 164608K, reserved 409600K
  class space    used 22999K, committed 24256K, reserved 212992K
}
Event: 385.252 GC heap before
{Heap before GC invocations=158 (full 0):
 garbage-first heap   total 398336K, used 375035K [0x00000000c0000000, 0x0000000100000000)
  region size 1024K, 201 young (205824K), 11 survivors (11264K)
 Metaspace       used 162657K, committed 165184K, reserved 409600K
  class space    used 23005K, committed 24256K, reserved 212992K
}
Event: 385.309 GC heap after
{Heap after GC invocations=159 (full 0):
 garbage-first heap   total 398336K, used 190207K [0x00000000c0000000, 0x0000000100000000)
  region size 1024K, 20 young (20480K), 20 survivors (20480K)
 Metaspace       used 162657K, committed 165184K, reserved 409600K
  class space    used 23005K, committed 24256K, reserved 212992K
}
Event: 543.408 GC heap before
{Heap before GC invocations=159 (full 0):
 garbage-first heap   total 398336K, used 377599K [0x00000000c0000000, 0x0000000100000000)
  region size 1024K, 203 young (207872K), 20 survivors (20480K)
 Metaspace       used 162681K, committed 165248K, reserved 409600K
  class space    used 23007K, committed 24256K, reserved 212992K
}
Event: 543.611 GC heap after
{Heap after GC invocations=160 (full 0):
 garbage-first heap   total 401408K, used 188673K [0x00000000c0000000, 0x0000000100000000)
  region size 1024K, 11 young (11264K), 11 survivors (11264K)
 Metaspace       used 162681K, committed 165248K, reserved 409600K
  class space    used 23007K, committed 24256K, reserved 212992K
}
Event: 639.818 GC heap before
{Heap before GC invocations=160 (full 0):
 garbage-first heap   total 401408K, used 379137K [0x00000000c0000000, 0x0000000100000000)
  region size 1024K, 197 young (201728K), 11 survivors (11264K)
 Metaspace       used 162751K, committed 165376K, reserved 409600K
  class space    used 23008K, committed 24256K, reserved 212992K
}
Event: 640.012 GC heap after
{Heap after GC invocations=161 (full 0):
 garbage-first heap   total 401408K, used 190721K [0x00000000c0000000, 0x0000000100000000)
  region size 1024K, 13 young (13312K), 13 survivors (13312K)
 Metaspace       used 162751K, committed 165376K, reserved 409600K
  class space    used 23008K, committed 24256K, reserved 212992K
}
Event: 649.920 GC heap before
{Heap before GC invocations=162 (full 0):
 garbage-first heap   total 401408K, used 380161K [0x00000000c0000000, 0x0000000100000000)
  region size 1024K, 197 young (201728K), 13 survivors (13312K)
 Metaspace       used 163301K, committed 165888K, reserved 409600K
  class space    used 23018K, committed 24256K, reserved 212992K
}
Event: 649.955 GC heap after
{Heap after GC invocations=163 (full 0):
 garbage-first heap   total 406528K, used 203009K [0x00000000c0000000, 0x0000000100000000)
  region size 1024K, 25 young (25600K), 25 survivors (25600K)
 Metaspace       used 163301K, committed 165888K, reserved 409600K
  class space    used 23018K, committed 24256K, reserved 212992K
}
Event: 763.431 GC heap before
{Heap before GC invocations=163 (full 0):
 garbage-first heap   total 406528K, used 384257K [0x00000000c0000000, 0x0000000100000000)
  region size 1024K, 202 young (206848K), 25 survivors (25600K)
 Metaspace       used 163326K, committed 165888K, reserved 409600K
  class space    used 23018K, committed 24256K, reserved 212992K
}
Event: 763.560 GC heap after
{Heap after GC invocations=164 (full 0):
 garbage-first heap   total 414720K, used 197736K [0x00000000c0000000, 0x0000000100000000)
  region size 1024K, 14 young (14336K), 14 survivors (14336K)
 Metaspace       used 163326K, committed 165888K, reserved 409600K
  class space    used 23018K, committed 24256K, reserved 212992K
}
Event: 933.357 GC heap before
{Heap before GC invocations=164 (full 0):
 garbage-first heap   total 414720K, used 392296K [0x00000000c0000000, 0x0000000100000000)
  region size 1024K, 204 young (208896K), 14 survivors (14336K)
 Metaspace       used 163333K, committed 165888K, reserved 409600K
  class space    used 23018K, committed 24256K, reserved 212992K
}
Event: 933.434 GC heap after
{Heap after GC invocations=165 (full 0):
 garbage-first heap   total 414720K, used 197574K [0x00000000c0000000, 0x0000000100000000)
  region size 1024K, 14 young (14336K), 14 survivors (14336K)
 Metaspace       used 163333K, committed 165888K, reserved 409600K
  class space    used 23018K, committed 24256K, reserved 212992K
}
Event: 1093.379 GC heap before
{Heap before GC invocations=166 (full 0):
 garbage-first heap   total 414720K, used 391110K [0x00000000c0000000, 0x0000000100000000)
  region size 1024K, 204 young (208896K), 14 survivors (14336K)
 Metaspace       used 160632K, committed 165888K, reserved 409600K
  class space    used 22341K, committed 24256K, reserved 212992K
}
Event: 1093.561 GC heap after
{Heap after GC invocations=167 (full 0):
 garbage-first heap   total 414720K, used 195790K [0x00000000c0000000, 0x0000000100000000)
  region size 1024K, 13 young (13312K), 13 survivors (13312K)
 Metaspace       used 160632K, committed 165888K, reserved 409600K
  class space    used 22341K, committed 24256K, reserved 212992K
}
Event: 1253.436 GC heap before
{Heap before GC invocations=167 (full 0):
 garbage-first heap   total 414720K, used 392398K [0x00000000c0000000, 0x0000000100000000)
  region size 1024K, 205 young (209920K), 13 survivors (13312K)
 Metaspace       used 160639K, committed 165888K, reserved 409600K
  class space    used 22341K, committed 24256K, reserved 212992K
}
Event: 1253.593 GC heap after
{Heap after GC invocations=168 (full 0):
 garbage-first heap   total 414720K, used 181032K [0x00000000c0000000, 0x0000000100000000)
  region size 1024K, 13 young (13312K), 13 survivors (13312K)
 Metaspace       used 160639K, committed 165888K, reserved 409600K
  class space    used 22341K, committed 24256K, reserved 212992K
}

Dll operation events (3 events):
Event: 0.022 Loaded shared library C:\Program Files\Android\Android Studio\jbr\bin\java.dll
Event: 0.029 Loaded shared library C:\Program Files\Android\Android Studio\jbr\bin\zip.dll
Event: 1.212 Loaded shared library C:\Program Files\Android\Android Studio\jbr\bin\verify.dll

Deoptimization events (20 events):
Event: 1375.280 Thread 0x0000016a1c4d0c40 DEOPT PACKING pc=0x0000016a0824ca1c sp=0x0000006799dfbf20
Event: 1375.280 Thread 0x0000016a1c4d0c40 DEOPT UNPACKING pc=0x0000016a075843a2 sp=0x0000006799dfbe70 mode 2
Event: 1375.550 Thread 0x0000016a1c4d0c40 Uncommon trap: trap_request=0xffffff45 fr.pc=0x0000016a082110e0 relative=0x0000000000002460
Event: 1375.550 Thread 0x0000016a1c4d0c40 Uncommon trap: reason=unstable_if action=reinterpret pc=0x0000016a082110e0 method=java.util.TreeMap.buildFromSorted(IIIILjava/util/Iterator;Ljava/io/ObjectInputStream;Ljava/lang/Object;)Ljava/util/TreeMap$Entry; @ 47 c2
Event: 1375.551 Thread 0x0000016a1c4d0c40 DEOPT PACKING pc=0x0000016a082110e0 sp=0x0000006799dfbc40
Event: 1375.551 Thread 0x0000016a1c4d0c40 DEOPT UNPACKING pc=0x0000016a075843a2 sp=0x0000006799dfbb78 mode 2
Event: 1375.551 Thread 0x0000016a1c4d0c40 Uncommon trap: trap_request=0xffffffde fr.pc=0x0000016a0824ca1c relative=0x0000000000000cbc
Event: 1375.551 Thread 0x0000016a1c4d0c40 Uncommon trap: reason=class_check action=maybe_recompile pc=0x0000016a0824ca1c method=com.google.common.cache.LocalCache$Segment.get(Ljava/lang/Object;I)Ljava/lang/Object; @ 49 c2
Event: 1375.551 Thread 0x0000016a1c4d0c40 DEOPT PACKING pc=0x0000016a0824ca1c sp=0x0000006799dfb2f0
Event: 1375.551 Thread 0x0000016a1c4d0c40 DEOPT UNPACKING pc=0x0000016a075843a2 sp=0x0000006799dfb240 mode 2
Event: 1375.577 Thread 0x0000016a1c4d0c40 Uncommon trap: trap_request=0xffffffde fr.pc=0x0000016a0824ca1c relative=0x0000000000000cbc
Event: 1375.577 Thread 0x0000016a1c4d0c40 Uncommon trap: reason=class_check action=maybe_recompile pc=0x0000016a0824ca1c method=com.google.common.cache.LocalCache$Segment.get(Ljava/lang/Object;I)Ljava/lang/Object; @ 49 c2
Event: 1375.577 Thread 0x0000016a1c4d0c40 DEOPT PACKING pc=0x0000016a0824ca1c sp=0x0000006799dfac90
Event: 1375.577 Thread 0x0000016a1c4d0c40 DEOPT UNPACKING pc=0x0000016a075843a2 sp=0x0000006799dfabe0 mode 2
Event: 1375.595 Thread 0x0000016a1c4d0c40 Uncommon trap: trap_request=0xffffffde fr.pc=0x0000016a0839526c relative=0x000000000000090c
Event: 1375.595 Thread 0x0000016a1c4d0c40 Uncommon trap: reason=class_check action=maybe_recompile pc=0x0000016a0839526c method=com.google.common.cache.LocalCache$Segment.get(Ljava/lang/Object;I)Ljava/lang/Object; @ 49 c2
Event: 1375.595 Thread 0x0000016a1c4d0c40 DEOPT PACKING pc=0x0000016a0839526c sp=0x0000006799dfa8f0
Event: 1375.595 Thread 0x0000016a1c4d0c40 DEOPT UNPACKING pc=0x0000016a075843a2 sp=0x0000006799dfa8c0 mode 2
Event: 1375.606 Thread 0x0000016a1c4d0c40 DEOPT PACKING pc=0x0000016a019a4d71 sp=0x0000006799df9470
Event: 1375.606 Thread 0x0000016a1c4d0c40 DEOPT UNPACKING pc=0x0000016a07584b42 sp=0x0000006799df89e0 mode 0

Classes loaded (20 events):
Event: 168.753 Loading class javax/management/InstanceNotFoundException
Event: 168.753 Loading class javax/management/InstanceNotFoundException done
Event: 170.063 Loading class java/util/concurrent/CompletableFuture$AsyncRun
Event: 170.064 Loading class java/util/concurrent/CompletableFuture$AsyncRun done
Event: 171.971 Loading class java/lang/StackStreamFactory
Event: 171.972 Loading class java/lang/StackStreamFactory done
Event: 171.973 Loading class java/lang/StackWalker$ExtendedOption
Event: 171.973 Loading class java/lang/StackWalker$ExtendedOption done
Event: 171.973 Loading class java/lang/StackStreamFactory$StackFrameTraverser
Event: 171.974 Loading class java/lang/StackStreamFactory$StackFrameTraverser done
Event: 171.974 Loading class java/lang/StackStreamFactory$WalkerState
Event: 171.974 Loading class java/lang/StackStreamFactory$WalkerState done
Event: 171.974 Loading class java/lang/StackStreamFactory$StackFrameTraverser$StackFrameBuffer
Event: 171.976 Loading class java/lang/StackStreamFactory$FrameBuffer
Event: 171.976 Loading class java/lang/StackStreamFactory$FrameBuffer done
Event: 171.976 Loading class java/lang/StackStreamFactory$StackFrameTraverser$StackFrameBuffer done
Event: 171.977 Loading class java/util/logging/LogRecord
Event: 171.980 Loading class java/util/logging/LogRecord done
Event: 376.104 Loading class jdk/internal/math/FormattedFPDecimal
Event: 376.117 Loading class jdk/internal/math/FormattedFPDecimal done

Classes unloaded (20 events):
Event: 933.909 Thread 0x0000016a12a76290 Unloading class 0x00000001001d1000 'java/lang/invoke/LambdaForm$MH+0x00000001001d1000'
Event: 933.909 Thread 0x0000016a12a76290 Unloading class 0x00000001001d0c00 'java/lang/invoke/LambdaForm$MH+0x00000001001d0c00'
Event: 933.909 Thread 0x0000016a12a76290 Unloading class 0x00000001001d0800 'java/lang/invoke/LambdaForm$MH+0x00000001001d0800'
Event: 933.909 Thread 0x0000016a12a76290 Unloading class 0x00000001001c5000 'java/lang/invoke/LambdaForm$MH+0x00000001001c5000'
Event: 933.909 Thread 0x0000016a12a76290 Unloading class 0x00000001001c4c00 'java/lang/invoke/LambdaForm$MH+0x00000001001c4c00'
Event: 933.910 Thread 0x0000016a12a76290 Unloading class 0x00000001001c4800 'java/lang/invoke/LambdaForm$MH+0x00000001001c4800'
Event: 933.910 Thread 0x0000016a12a76290 Unloading class 0x00000001001c4400 'java/lang/invoke/LambdaForm$MH+0x00000001001c4400'
Event: 933.910 Thread 0x0000016a12a76290 Unloading class 0x00000001001c4000 'java/lang/invoke/LambdaForm$BMH+0x00000001001c4000'
Event: 933.910 Thread 0x0000016a12a76290 Unloading class 0x000000010019d000 'java/lang/invoke/LambdaForm$MH+0x000000010019d000'
Event: 933.910 Thread 0x0000016a12a76290 Unloading class 0x000000010019cc00 'java/lang/invoke/LambdaForm$MH+0x000000010019cc00'
Event: 933.910 Thread 0x0000016a12a76290 Unloading class 0x000000010019c800 'java/lang/invoke/LambdaForm$MH+0x000000010019c800'
Event: 933.910 Thread 0x0000016a12a76290 Unloading class 0x000000010018c000 'java/lang/invoke/LambdaForm$MH+0x000000010018c000'
Event: 933.910 Thread 0x0000016a12a76290 Unloading class 0x000000010013cc00 'java/lang/invoke/LambdaForm$MH+0x000000010013cc00'
Event: 933.910 Thread 0x0000016a12a76290 Unloading class 0x0000000100118c00 'java/lang/invoke/LambdaForm$MH+0x0000000100118c00'
Event: 933.910 Thread 0x0000016a12a76290 Unloading class 0x0000000100118800 'java/lang/invoke/LambdaForm$MH+0x0000000100118800'
Event: 933.910 Thread 0x0000016a12a76290 Unloading class 0x0000000100118000 'java/lang/invoke/LambdaForm$MH+0x0000000100118000'
Event: 933.910 Thread 0x0000016a12a76290 Unloading class 0x00000001000c1800 'java/lang/invoke/LambdaForm$MH+0x00000001000c1800'
Event: 933.910 Thread 0x0000016a12a76290 Unloading class 0x00000001000c1400 'java/lang/invoke/LambdaForm$MH+0x00000001000c1400'
Event: 933.910 Thread 0x0000016a12a76290 Unloading class 0x00000001000c1000 'java/lang/invoke/LambdaForm$MH+0x00000001000c1000'
Event: 933.910 Thread 0x0000016a12a76290 Unloading class 0x00000001000c0800 'java/lang/invoke/LambdaForm$MH+0x00000001000c0800'

Classes redefined (0 events):
No events

Internal exceptions (20 events):
Event: 1374.633 Thread 0x0000016a1c4d0c40 Exception <a 'sun/nio/fs/WindowsException'{0x00000000cf60ed18}> (0x00000000cf60ed18) 
thrown [s\src\hotspot\share\prims\jni.cpp, line 537]
Event: 1374.660 Thread 0x0000016a1c4d0c40 Exception <a 'sun/nio/fs/WindowsException'{0x00000000cf3ac538}> (0x00000000cf3ac538) 
thrown [s\src\hotspot\share\prims\jni.cpp, line 537]
Event: 1374.695 Thread 0x0000016a1c4d0c40 Exception <a 'sun/nio/fs/WindowsException'{0x00000000cf3cc330}> (0x00000000cf3cc330) 
thrown [s\src\hotspot\share\prims\jni.cpp, line 537]
Event: 1374.702 Thread 0x0000016a1c4d0c40 Exception <a 'sun/nio/fs/WindowsException'{0x00000000cf3cef38}> (0x00000000cf3cef38) 
thrown [s\src\hotspot\share\prims\jni.cpp, line 537]
Event: 1375.230 Thread 0x0000016a1c4d0c40 Exception <a 'java/lang/NoSuchMethodError'{0x00000000ceed0a00}: static Lorg/gradle/tooling/internal/consumer/connection/InternalPhasedActionAdapter;.<clinit>()V> (0x00000000ceed0a00) 
thrown [s\src\hotspot\share\prims\jni.cpp, line 1144]
Event: 1375.279 Thread 0x0000016a1c4d0c40 Exception <a 'java/lang/NoSuchMethodError'{0x00000000ced050e8}: static Lorg/gradle/tooling/internal/consumer/connection/InternalBuildActionAdapter;.<clinit>()V> (0x00000000ced050e8) 
thrown [s\src\hotspot\share\prims\jni.cpp, line 1144]
Event: 1375.467 Thread 0x0000016a1c4d0c40 Exception <a 'java/lang/NoSuchMethodError'{0x00000000cec064f0}: static Ljava/lang/Object;.<clinit>()V> (0x00000000cec064f0) 
thrown [s\src\hotspot\share\prims\jni.cpp, line 1144]
Event: 1375.550 Thread 0x0000016a1c4d0c40 Implicit null exception at 0x0000016a0820ed86 to 0x0000016a0821107c
Event: 1375.575 Thread 0x0000016a1c4d0c40 Exception <a 'java/lang/NoSuchMethodError'{0x00000000cec54988}: static Lcom/intellij/gradle/toolingExtension/modelAction/GradleProjectLoadedModelFetchPhase;.<clinit>()V> (0x00000000cec54988) 
thrown [s\src\hotspot\share\prims\jni.cpp, line 1144]
Event: 1375.628 Thread 0x0000016a1c4d0c40 Exception <a 'java/lang/NoSuchMethodError'{0x00000000cececd48}: static Lorg/jetbrains/kotlin/idea/gradleTooling/PrepareKotlinIdeImportTaskModel;.<clinit>()V> (0x00000000cececd48) 
thrown [s\src\hotspot\share\prims\jni.cpp, line 1144]
Event: 1375.637 Thread 0x0000016a1c4d0c40 Exception <a 'java/lang/NoSuchMethodError'{0x00000000ceb09660}: static Lcom/intellij/gradle/toolingExtension/modelAction/GradleBuildFinishedModelFetchPhase;.<clinit>()V> (0x00000000ceb09660) 
thrown [s\src\hotspot\share\prims\jni.cpp, line 1144]
Event: 1375.651 Thread 0x0000016a1c4d0c40 Exception <a 'java/lang/NoSuchMethodError'{0x00000000ceb3b7f0}: static Lcom/intellij/gradle/toolingExtension/impl/model/sourceSetModel/GradleSourceSetModelProvider;.<clinit>()V> (0x00000000ceb3b7f0) 
thrown [s\src\hotspot\share\prims\jni.cpp, line 1144]
Event: 1375.662 Thread 0x0000016a1c4d0c40 Exception <a 'java/lang/NoSuchMethodError'{0x00000000ceb56b10}: static Lcom/intellij/gradle/toolingExtension/impl/model/sourceSetDependencyModel/GradleSourceSetDependencyModelProvider;.<clinit>()V> (0x00000000ceb56b10) 
thrown [s\src\hotspot\share\prims\jni.cpp, line 1144]
Event: 1375.673 Thread 0x0000016a1c4d0c40 Exception <a 'java/lang/NoSuchMethodError'{0x00000000ceb72cd8}: static Lorg/jetbrains/kotlin/idea/gradleTooling/KotlinDslScriptModelProvider;.<clinit>()V> (0x00000000ceb72cd8) 
thrown [s\src\hotspot\share\prims\jni.cpp, line 1144]
Event: 1375.759 Thread 0x0000016a1c4d0c40 Exception <a 'java/lang/NoSuchMethodError'{0x00000000cebeb348}: static Ljava/lang/Object;.<clinit>()V> (0x00000000cebeb348) 
thrown [s\src\hotspot\share\prims\jni.cpp, line 1144]
Event: 1375.770 Thread 0x0000016a1c4d0c40 Exception <a 'java/lang/NoSuchMethodError'{0x00000000cea00680}: static Lorg/jetbrains/kotlin/idea/gradleTooling/KotlinGradleModel;.<clinit>()V> (0x00000000cea00680) 
thrown [s\src\hotspot\share\prims\jni.cpp, line 1144]
Event: 1375.777 Thread 0x0000016a1c4d0c40 Exception <a 'java/lang/NoSuchMethodError'{0x00000000cea175c8}: static Lorg/jetbrains/plugins/gradle/model/AnnotationProcessingModel;.<clinit>()V> (0x00000000cea175c8) 
thrown [s\src\hotspot\share\prims\jni.cpp, line 1144]
Event: 1375.781 Thread 0x0000016a1c4d0c40 Exception <a 'java/lang/NoSuchMethodError'{0x00000000cea35db8}: static Lorg/jetbrains/plugins/gradle/model/RepositoryModels;.<clinit>()V> (0x00000000cea35db8) 
thrown [s\src\hotspot\share\prims\jni.cpp, line 1144]
Event: 1375.783 Thread 0x0000016a1c4d0c40 Exception <a 'java/lang/NoSuchMethodError'{0x00000000cea48848}: static Lorg/jetbrains/plugins/gradle/javaModel/JavaGradleManifestModel;.<clinit>()V> (0x00000000cea48848) 
thrown [s\src\hotspot\share\prims\jni.cpp, line 1144]
Event: 1375.786 Thread 0x0000016a1c4d0c40 Exception <a 'java/lang/NoSuchMethodError'{0x00000000cea5b9f0}: static Lcom/intellij/gradle/toolingExtension/model/repositoryModel/ProjectRepositoriesModel;.<clinit>()V> (0x00000000cea5b9f0) 
thrown [s\src\hotspot\share\prims\jni.cpp, line 1144]

ZGC Phase Switch (0 events):
No events

VM Operations (20 events):
Event: 1253.434 Executing VM operation: G1CollectForAllocation (G1 Evacuation Pause)
Event: 1253.593 Executing VM operation: G1CollectForAllocation (G1 Evacuation Pause) done
Event: 1264.597 Executing VM operation: Cleanup
Event: 1264.597 Executing VM operation: Cleanup done
Event: 1293.614 Executing VM operation: Cleanup
Event: 1293.614 Executing VM operation: Cleanup done
Event: 1332.635 Executing VM operation: Cleanup
Event: 1332.636 Executing VM operation: Cleanup done
Event: 1333.636 Executing VM operation: Cleanup
Event: 1333.636 Executing VM operation: Cleanup done
Event: 1363.652 Executing VM operation: Cleanup
Event: 1363.653 Executing VM operation: Cleanup done
Event: 1374.659 Executing VM operation: Cleanup
Event: 1374.659 Executing VM operation: Cleanup done
Event: 1374.883 Executing VM operation: HandshakeAllThreads (Deoptimize)
Event: 1374.883 Executing VM operation: HandshakeAllThreads (Deoptimize) done
Event: 1374.887 Executing VM operation: HandshakeAllThreads (Deoptimize)
Event: 1374.887 Executing VM operation: HandshakeAllThreads (Deoptimize) done
Event: 1375.888 Executing VM operation: Cleanup
Event: 1375.888 Executing VM operation: Cleanup done

Memory protections (0 events):
No events

Nmethod flushes (20 events):
Event: 934.338 Thread 0x0000016a12a76290 flushing  nmethod 0x0000016a009f0190
Event: 934.338 Thread 0x0000016a12a76290 flushing  nmethod 0x0000016a00acf610
Event: 934.338 Thread 0x0000016a12a76290 flushing  nmethod 0x0000016a00bc0e90
Event: 934.338 Thread 0x0000016a12a76290 flushing  nmethod 0x0000016a00c48d10
Event: 934.338 Thread 0x0000016a12a76290 flushing  nmethod 0x0000016a00cae890
Event: 934.338 Thread 0x0000016a12a76290 flushing  nmethod 0x0000016a00d43e10
Event: 934.338 Thread 0x0000016a12a76290 flushing  nmethod 0x0000016a00d44590
Event: 934.339 Thread 0x0000016a12a76290 flushing  nmethod 0x0000016a00d44a10
Event: 934.339 Thread 0x0000016a12a76290 flushing  nmethod 0x0000016a00d46a90
Event: 934.339 Thread 0x0000016a12a76290 flushing  nmethod 0x0000016a00d48b10
Event: 934.339 Thread 0x0000016a12a76290 flushing  nmethod 0x0000016a00d48f90
Event: 934.339 Thread 0x0000016a12a76290 flushing  nmethod 0x0000016a00d49790
Event: 934.339 Thread 0x0000016a12a76290 flushing  nmethod 0x0000016a00d49d10
Event: 934.339 Thread 0x0000016a12a76290 flushing  nmethod 0x0000016a01000990
Event: 934.339 Thread 0x0000016a12a76290 flushing  nmethod 0x0000016a011cea90
Event: 934.339 Thread 0x0000016a12a76290 flushing  nmethod 0x0000016a012bb090
Event: 934.339 Thread 0x0000016a12a76290 flushing  nmethod 0x0000016a01490210
Event: 934.339 Thread 0x0000016a12a76290 flushing  nmethod 0x0000016a015db090
Event: 934.339 Thread 0x0000016a12a76290 flushing  nmethod 0x0000016a018bce10
Event: 934.339 Thread 0x0000016a12a76290 flushing  nmethod 0x0000016a01aa9a90

Events (20 events):
Event: 710.602 Thread 0x0000016a238cee10 Thread exited: 0x0000016a238cee10
Event: 731.949 Thread 0x0000016a2269bff0 Thread added: 0x0000016a238cf4a0
Event: 742.175 Thread 0x0000016a2269bff0 Thread added: 0x0000016a238d01c0
Event: 807.083 Thread 0x0000016a238cf4a0 Thread exited: 0x0000016a238cf4a0
Event: 817.188 Thread 0x0000016a238d01c0 Thread exited: 0x0000016a238d01c0
Event: 1031.964 Thread 0x0000016a2269bff0 Thread added: 0x0000016a1c4d2d10
Event: 1042.176 Thread 0x0000016a2269bff0 Thread added: 0x0000016a1c4d4750
Event: 1107.152 Thread 0x0000016a1c4d2d10 Thread exited: 0x0000016a1c4d2d10
Event: 1117.192 Thread 0x0000016a1c4d4750 Thread exited: 0x0000016a1c4d4750
Event: 1331.939 Thread 0x0000016a2269bff0 Thread added: 0x0000016a1c4d1960
Event: 1342.269 Thread 0x0000016a2269bff0 Thread added: 0x0000016a1c4cff20
Event: 1373.992 Thread 0x0000016a183c0a80 Thread added: 0x0000016a1c4cf200
Event: 1373.996 Thread 0x0000016a1c4cf200 Thread added: 0x0000016a1c4d05b0
Event: 1374.210 Thread 0x0000016a1c4cf200 Thread added: 0x0000016a1c4d12d0
Event: 1374.267 Thread 0x0000016a1c4cf200 Thread added: 0x0000016a1c4d0c40
Event: 1374.290 Thread 0x0000016a1c4d0c40 Thread added: 0x0000016a1c4ce4e0
Event: 1374.306 Thread 0x0000016a1c4d0c40 Thread added: 0x0000016a1c4d2680
Event: 1374.311 Thread 0x0000016a1c4d0c40 Thread added: 0x0000016a1c4d4750
Event: 1374.599 Thread 0x0000016a1c4d0c40 Thread added: 0x0000016a1c4d5470
Event: 1374.636 Thread 0x0000016a1c4d0c40 Thread added: 0x0000016a1c4d2d10


Dynamic libraries:
0x00007ff7bcfd0000 - 0x00007ff7bcfda000 	C:\Program Files\Android\Android Studio\jbr\bin\java.exe
0x00007ffcc9340000 - 0x00007ffcc95a8000 	C:\Windows\SYSTEM32\ntdll.dll
0x00007ffcc78c0000 - 0x00007ffcc7989000 	C:\Windows\System32\KERNEL32.DLL
0x00007ffcc69c0000 - 0x00007ffcc6db2000 	C:\Windows\System32\KERNELBASE.dll
0x00007ffcc1080000 - 0x00007ffcc109b000 	C:\Program Files\Android\Android Studio\jbr\bin\VCRUNTIME140.dll
0x00007ffcc6dc0000 - 0x00007ffcc6f0b000 	C:\Windows\System32\ucrtbase.dll
0x00007ffc1edb0000 - 0x00007ffc1edc8000 	C:\Program Files\Android\Android Studio\jbr\bin\jli.dll
0x00007ffcc7380000 - 0x00007ffcc7545000 	C:\Windows\System32\USER32.dll
0x00007ffcc6990000 - 0x00007ffcc69b7000 	C:\Windows\System32\win32u.dll
0x00007ffcb3000000 - 0x00007ffcb3293000 	C:\Windows\WinSxS\amd64_microsoft.windows.common-controls_6595b64144ccf1df_6.0.26100.6899_none_3e0efeeae32e88c1\COMCTL32.dll
0x00007ffcc87f0000 - 0x00007ffcc881b000 	C:\Windows\System32\GDI32.dll
0x00007ffcc72d0000 - 0x00007ffcc7379000 	C:\Windows\System32\msvcrt.dll
0x00007ffcc6620000 - 0x00007ffcc674d000 	C:\Windows\System32\gdi32full.dll
0x00007ffcc64d0000 - 0x00007ffcc6573000 	C:\Windows\System32\msvcp_win.dll
0x00007ffcc8540000 - 0x00007ffcc856f000 	C:\Windows\System32\IMM32.DLL
0x00007ffcc3130000 - 0x00007ffcc313c000 	C:\Program Files\Android\Android Studio\jbr\bin\vcruntime140_1.dll
0x00007ffc1ed20000 - 0x00007ffc1edad000 	C:\Program Files\Android\Android Studio\jbr\bin\msvcp140.dll
0x00007ffc78620000 - 0x00007ffc792b6000 	C:\Program Files\Android\Android Studio\jbr\bin\server\jvm.dll
0x00007ffcc8ac0000 - 0x00007ffcc8b74000 	C:\Windows\System32\ADVAPI32.dll
0x00007ffcc8740000 - 0x00007ffcc87e6000 	C:\Windows\System32\sechost.dll
0x00007ffcc7ea0000 - 0x00007ffcc7fb8000 	C:\Windows\System32\RPCRT4.dll
0x00007ffcc7990000 - 0x00007ffcc7a04000 	C:\Windows\System32\WS2_32.dll
0x00007ffcc6330000 - 0x00007ffcc638e000 	C:\Windows\SYSTEM32\POWRPROF.dll
0x00007ffcba700000 - 0x00007ffcba735000 	C:\Windows\SYSTEM32\WINMM.dll
0x00007ffcb8b80000 - 0x00007ffcb8b8b000 	C:\Windows\SYSTEM32\VERSION.dll
0x00007ffcc6310000 - 0x00007ffcc6324000 	C:\Windows\SYSTEM32\UMPDC.dll
0x00007ffcc52a0000 - 0x00007ffcc52bb000 	C:\Windows\SYSTEM32\kernel.appcore.dll
0x00007ffcc1070000 - 0x00007ffcc107a000 	C:\Program Files\Android\Android Studio\jbr\bin\jimage.dll
0x00007ffcc3b30000 - 0x00007ffcc3d72000 	C:\Windows\SYSTEM32\DBGHELP.DLL
0x00007ffcc8080000 - 0x00007ffcc83fb000 	C:\Windows\System32\combase.dll
0x00007ffcc8460000 - 0x00007ffcc8537000 	C:\Windows\System32\OLEAUT32.dll
0x00007ffcad710000 - 0x00007ffcad74c000 	C:\Windows\SYSTEM32\dbgcore.DLL
0x00007ffcc6580000 - 0x00007ffcc6618000 	C:\Windows\System32\bcryptPrimitives.dll
0x00007ffc46aa0000 - 0x00007ffc46aae000 	C:\Program Files\Android\Android Studio\jbr\bin\instrument.dll
0x00007ffcb7d00000 - 0x00007ffcb7d20000 	C:\Program Files\Android\Android Studio\jbr\bin\java.dll
0x00007ffcb7ce0000 - 0x00007ffcb7cf8000 	C:\Program Files\Android\Android Studio\jbr\bin\zip.dll
0x00007ffcc8b80000 - 0x00007ffcc92cd000 	C:\Windows\System32\SHELL32.dll
0x00007ffcc6f10000 - 0x00007ffcc707b000 	C:\Windows\System32\wintypes.dll
0x00007ffcc4120000 - 0x00007ffcc497d000 	C:\Windows\SYSTEM32\windows.storage.dll
0x00007ffcc89c0000 - 0x00007ffcc8ab2000 	C:\Windows\System32\SHCORE.dll
0x00007ffcc7260000 - 0x00007ffcc72c2000 	C:\Windows\System32\shlwapi.dll
0x00007ffcc63f0000 - 0x00007ffcc6419000 	C:\Windows\SYSTEM32\profapi.dll
0x00007ffcb7f90000 - 0x00007ffcb7fa0000 	C:\Program Files\Android\Android Studio\jbr\bin\net.dll
0x00007ffcbf100000 - 0x00007ffcbf21f000 	C:\Windows\SYSTEM32\WINHTTP.dll
0x00007ffcc5810000 - 0x00007ffcc587b000 	C:\Windows\system32\mswsock.dll
0x00007ffcb7cc0000 - 0x00007ffcb7cd6000 	C:\Program Files\Android\Android Studio\jbr\bin\nio.dll
0x00007ffca6e60000 - 0x00007ffca6e70000 	C:\Program Files\Android\Android Studio\jbr\bin\verify.dll
0x00007ffc21490000 - 0x00007ffc214b7000 	C:\Users\Asus\.gradle\native\660c5614fbf4a5f2a75b1949f50a0caf5cd603558e7d8a26e50b933a0cfb79d1\windows-amd64\native-platform.dll
0x00007ffc1eca0000 - 0x00007ffc1ed17000 	C:\Users\Asus\.gradle\native\0.2.8\x86_64-windows-gnu\gradle-fileevents.dll
0x00007ffcb7bc0000 - 0x00007ffcb7bc9000 	C:\Program Files\Android\Android Studio\jbr\bin\management.dll
0x00007ffcb7bb0000 - 0x00007ffcb7bbb000 	C:\Program Files\Android\Android Studio\jbr\bin\management_ext.dll
0x00007ffcc8600000 - 0x00007ffcc8608000 	C:\Windows\System32\PSAPI.DLL
0x00007ffcc4c40000 - 0x00007ffcc4c74000 	C:\Windows\SYSTEM32\IPHLPAPI.DLL
0x00007ffcc8610000 - 0x00007ffcc861a000 	C:\Windows\System32\NSI.dll
0x00007ffcb7bd0000 - 0x00007ffcb7bd9000 	C:\Program Files\Android\Android Studio\jbr\bin\extnet.dll
0x00007ffcc5ac0000 - 0x00007ffcc5adb000 	C:\Windows\SYSTEM32\CRYPTSP.dll
0x00007ffcc5200000 - 0x00007ffcc523b000 	C:\Windows\system32\rsaenh.dll
0x00007ffcc58b0000 - 0x00007ffcc58db000 	C:\Windows\SYSTEM32\USERENV.dll
0x00007ffcc63c0000 - 0x00007ffcc63e6000 	C:\Windows\SYSTEM32\bcrypt.dll
0x00007ffcc5ae0000 - 0x00007ffcc5aec000 	C:\Windows\SYSTEM32\CRYPTBASE.dll
0x00007ffc53a30000 - 0x00007ffc53a38000 	C:\Windows\system32\wshunix.dll
0x00007ffcc4c80000 - 0x00007ffcc4da6000 	C:\Windows\SYSTEM32\DNSAPI.dll
0x00007ffcbe870000 - 0x00007ffcbe87b000 	C:\Windows\System32\rasadhlp.dll
0x00007ffcc0b00000 - 0x00007ffcc0b86000 	C:\Windows\System32\fwpuclnt.dll
0x00007ffca1b70000 - 0x00007ffca1b88000 	C:\Windows\system32\napinsp.dll
0x00007ffca1b50000 - 0x00007ffca1b62000 	C:\Windows\System32\winrnr.dll
0x00007ffca1b20000 - 0x00007ffca1b48000 	C:\Windows\system32\nlansp_c.dll
0x00007ffca1930000 - 0x00007ffca1946000 	C:\Windows\system32\wshbth.dll
0x00007ffcc1360000 - 0x00007ffcc1367000 	C:\Program Files\Android\Android Studio\jbr\bin\rmi.dll

JVMTI agents:
C:\Users\Asus\.gradle\wrapper\dists\gradle-9.3.1-bin\23ovyewtku6u96viwx3xl3oks\gradle-9.3.1\lib\agents\gradle-instrumentation-agent-9.3.1.jar path:C:\Program Files\Android\Android Studio\jbr\bin\instrument.dll, loaded, initialized, instrumentlib options:none

dbghelp: loaded successfully - version: 4.0.5 - missing functions: none
symbol engine: initialized successfully - sym options: 0x614 - pdb path: .;C:\Program Files\Android\Android Studio\jbr\bin;C:\Windows\SYSTEM32;C:\Windows\WinSxS\amd64_microsoft.windows.common-controls_6595b64144ccf1df_6.0.26100.6899_none_3e0efeeae32e88c1;C:\Program Files\Android\Android Studio\jbr\bin\server;C:\Users\Asus\.gradle\native\660c5614fbf4a5f2a75b1949f50a0caf5cd603558e7d8a26e50b933a0cfb79d1\windows-amd64;C:\Users\Asus\.gradle\native\0.2.8\x86_64-windows-gnu

VM Arguments:
jvm_args: --add-opens=java.base/java.lang=ALL-UNNAMED --add-opens=java.base/java.lang.invoke=ALL-UNNAMED --add-opens=java.base/java.util=ALL-UNNAMED --add-opens=java.prefs/java.util.prefs=ALL-UNNAMED --add-exports=jdk.compiler/com.sun.tools.javac.api=ALL-UNNAMED --add-exports=jdk.compiler/com.sun.tools.javac.util=ALL-UNNAMED --add-opens=java.base/java.util=ALL-UNNAMED --add-opens=java.prefs/java.util.prefs=ALL-UNNAMED --add-opens=java.base/java.nio.charset=ALL-UNNAMED --add-opens=java.base/java.net=ALL-UNNAMED --add-opens=java.base/java.util.concurrent=ALL-UNNAMED --add-opens=java.base/java.util.concurrent.atomic=ALL-UNNAMED --add-opens=java.xml/javax.xml.namespace=ALL-UNNAMED --add-opens=java.base/java.time=ALL-UNNAMED -XX:MaxMetaspaceSize=256m -Xmx1024m -Dfile.encoding=UTF-8 -Duser.country=ID -Duser.language=en -Duser.variant -javaagent:C:\Users\Asus\.gradle\wrapper\dists\gradle-9.3.1-bin\23ovyewtku6u96viwx3xl3oks\gradle-9.3.1\lib\agents\gradle-instrumentation-agent-9.3.1.jar 
java_command: org.gradle.launcher.daemon.bootstrap.GradleDaemon 9.3.1
java_class_path (initial): C:\Users\Asus\.gradle\wrapper\dists\gradle-9.3.1-bin\23ovyewtku6u96viwx3xl3oks\gradle-9.3.1\lib\gradle-daemon-main-9.3.1.jar
Launcher Type: SUN_STANDARD

[Global flags]
     intx CICompilerCount                          = 4                                         {product} {ergonomic}
   size_t CompressedClassSpaceSize                 = 218103808                                 {product} {ergonomic}
     uint ConcGCThreads                            = 2                                         {product} {ergonomic}
     uint G1ConcRefinementThreads                  = 8                                         {product} {ergonomic}
   size_t G1HeapRegionSize                         = 1048576                                   {product} {ergonomic}
    uintx GCDrainStackTargetSize                   = 64                                        {product} {ergonomic}
   size_t InitialHeapSize                          = 123731968                                 {product} {ergonomic}
   size_t MarkStackSize                            = 4194304                                   {product} {ergonomic}
   size_t MaxHeapSize                              = 1073741824                                {product} {command line}
   size_t MaxMetaspaceSize                         = 268435456                                 {product} {command line}
   size_t MaxNewSize                               = 643825664                                 {product} {ergonomic}
   size_t MinHeapDeltaBytes                        = 1048576                                   {product} {ergonomic}
   size_t MinHeapSize                              = 8388608                                   {product} {ergonomic}
    uintx NonNMethodCodeHeapSize                   = 5839372                                {pd product} {ergonomic}
    uintx NonProfiledCodeHeapSize                  = 122909434                              {pd product} {ergonomic}
    uintx ProfiledCodeHeapSize                     = 122909434                              {pd product} {ergonomic}
    uintx ReservedCodeCacheSize                    = 251658240                              {pd product} {ergonomic}
     bool SegmentedCodeCache                       = true                                      {product} {ergonomic}
   size_t SoftMaxHeapSize                          = 1073741824                             {manageable} {ergonomic}
     bool UseCompressedOops                        = true                           {product lp64_product} {ergonomic}
     bool UseG1GC                                  = true                                      {product} {ergonomic}
     bool UseLargePagesIndividualAllocation        = false                                  {pd product} {ergonomic}

Logging:
Log output configuration:
 #0: stdout all=warning uptime,level,tags foldmultilines=false
 #1: stderr all=off uptime,level,tags foldmultilines=false

Release file:
JAVA_VERSION="21.0.9" 
MODULES="java.base java.compiler java.datatransfer java.xml java.prefs java.desktop java.instrument java.logging java.management java.security.sasl java.naming java.rmi java.management.rmi java.net.http java.scripting java.security.jgss java.transaction.xa java.sql java.sql.rowset java.xml.crypto java.se java.smartcardio jdk.accessibility jdk.internal.jvmstat jdk.attach jdk.charsets jdk.internal.opt jdk.zipfs jdk.compiler jdk.crypto.ec jdk.crypto.cryptoki jdk.dynalink jdk.hotspot.agent jdk.httpserver jdk.internal.ed jdk.internal.le jdk.internal.vm.ci jdk.jartool jdk.javadoc jdk.jcmd jdk.jdeps jdk.jdwp.agent jdk.jdi jdk.jfr jdk.jlink jdk.jsobject jdk.localedata jdk.management jdk.management.agent jdk.management.jfr jdk.naming.dns jdk.naming.rmi jdk.net jdk.sctp jdk.security.auth jdk.security.jgss jdk.unsupported jdk.unsupported.desktop jdk.xml.dom" 
IMPLEMENTOR="JetBrains s.r.o." 
JAVA_RUNTIME_VERSION="21.0.9+-14787801-b1163.94" 
LIBC="default" 
OS_ARCH="x86_64" 
OS_NAME="Windows" 
SOURCE=".:git:0c757ddc9f2f" 

Environment Variables:
PATH=C:\Windows\system32;C:\Windows;C:\Windows\System32\Wbem;C:\Windows\System32\WindowsPowerShell\v1.0\;C:\Windows\System32\OpenSSH\;C:\Program Files\Git\cmd;C:\Program Files\Git\bin;C:\Program Files\Git\cmd;C:\composer;D:\nona_2sic\laragon-6.0-minimal\bin\php\php-8.4.12-nts-Win32-vs17-x64\;C:\Program Files\nodejs\;D:\nona_2sic\laragon-6.0-minimal\www\nona_cat\Git\cmd;C:\Users\Asus\AppData\Local\Microsoft\WindowsApps;C:\Users\Asus\AppData\Local\Programs\Microsoft VS Code\bin;C:\Users\Asus\AppData\Roaming\Composer\vendor\bin;C:\Users\Asus\AppData\Roaming\npm
USERNAME=Asus
OS=Windows_NT
PROCESSOR_IDENTIFIER=AMD64 Family 23 Model 160 Stepping 0, AuthenticAMD
TMP=C:\Users\Asus\AppData\Local\Temp
TEMP=C:\Users\Asus\AppData\Local\Temp




Periodic native trim disabled

JNI global refs:
JNI global refs: 28, weak refs: 1

JNI global refs memory usage: 835, weak refs: 833

Process memory usage:
Resident Set Size: 283432K (3% of 7634556K total physical memory with 518164K free physical memory)

OOME stack traces (most recent first):
Classloader memory used:
Loader org.gradle.internal.classloader.VisitableURLClassLoader                         : 51965K
Loader org.gradle.internal.classloader.VisitableURLClassLoader$InstrumentingVisitableURLClassLoader: 51525K
Loader bootstrap                                                                       : 32873K
Loader org.gradle.initialization.MixInLegacyTypesClassLoader                           : 14323K
Loader jdk.internal.loader.ClassLoaders$AppClassLoader                                 : 8008K
Loader jdk.internal.loader.ClassLoaders$PlatformClassLoader                            : 920K
Loader jdk.internal.reflect.DelegatingClassLoader                                      : 825K
Loader org.gradle.internal.classloader.VisitableURLClassLoader                         : 535K
Loader org.gradle.groovy.scripts.internal.DefaultScriptCompilationHandler$ScriptClassLoader: 128K
Loader sun.reflect.misc.MethodUtil                                                     : 2984B

Classes loaded by more than one classloader:
Class Program                                                                         : loaded 5 times (x 72B)
Class Build_gradle                                                                    : loaded 3 times (x 126B)
Class com.google.common.collect.RegularImmutableMap$KeySet                            : loaded 2 times (x 152B)
Class org.gradle.internal.classloader.FilteringClassLoader                            : loaded 2 times (x 105B)
Class com.google.common.base.CharMatcher$IsEither                                     : loaded 2 times (x 111B)
Class org.gradle.internal.classloader.ClassLoaderHierarchy                            : loaded 2 times (x 70B)
Class com.google.common.collect.ImmutableEnumSet                                      : loaded 2 times (x 146B)
Class com.google.common.util.concurrent.ExecutionError                                : loaded 2 times (x 82B)
Class com.google.common.collect.ImmutableList$1                                       : loaded 2 times (x 97B)
Class org.gradle.api.internal.classpath.ManifestUtil                                  : loaded 2 times (x 71B)
Class com.google.common.collect.RegularImmutableMap                                   : loaded 2 times (x 121B)
Class com.google.common.collect.ImmutableMap$MapViewOfValuesAsSingletonSets           : loaded 2 times (x 126B)
Class com.google.common.reflect.TypeCapture                                           : loaded 2 times (x 71B)
Class [Lorg.objectweb.asm.Symbol;                                                     : loaded 2 times (x 69B)
Class org.objectweb.asm.ClassVisitor                                                  : loaded 2 times (x 88B)
Class com.google.common.collect.UnmodifiableListIterator                              : loaded 2 times (x 95B)
Class com.google.common.base.Platform$JdkPatternCompiler                              : loaded 2 times (x 75B)
Class org.objectweb.asm.MethodTooLargeException                                       : loaded 2 times (x 83B)
Class [Lcom.google.common.cache.CacheBuilder$OneWeigher;                              : loaded 2 times (x 69B)
Class com.google.common.base.Suppliers                                                : loaded 2 times (x 71B)
Class org.gradle.internal.classloader.DefaultClassLoaderFactory                       : loaded 2 times (x 82B)
Class [Lcom.google.common.collect.AbstractIterator$State;                             : loaded 2 times (x 69B)
Class org.gradle.internal.classloader.ClassLoaderVisitor                              : loaded 2 times (x 76B)
Class [Lcom.google.common.collect.ImmutableMapEntry;                                  : loaded 2 times (x 69B)
Class org.gradle.api.internal.classpath.EffectiveClassPath                            : loaded 2 times (x 90B)
Class com.google.common.collect.CollectSpliterators$1WithCharacteristics              : loaded 2 times (x 90B)
Class [Lorg.apache.commons.io.StandardLineSeparator;                                  : loaded 2 times (x 69B)
Class org.apache.commons.io.output.StringBuilderWriter                                : loaded 2 times (x 100B)
Class com.google.common.collect.ImmutableRangeSet                                     : loaded 2 times (x 115B)
Class com.google.common.collect.ListMultimap                                          : loaded 2 times (x 70B)
Class com.google.common.collect.ImmutableEnumMap                                      : loaded 2 times (x 126B)
Class com.google.common.collect.ImmutableSet$SerializedForm                           : loaded 2 times (x 73B)
Class com.google.common.collect.Sets$1                                                : loaded 2 times (x 139B)
Class org.objectweb.asm.AnnotationVisitor                                             : loaded 2 times (x 78B)
Class org.gradle.api.internal.DefaultClassPathProvider                                : loaded 2 times (x 76B)
Class [Lcom.google.common.base.Function;                                              : loaded 2 times (x 69B)
Class com.google.common.collect.Maps$ViewCachingAbstractMap                           : loaded 2 times (x 125B)
Class com.google.common.collect.Sets$2                                                : loaded 2 times (x 139B)
Class [Lorg.gradle.api.internal.ClassPathProvider;                                    : loaded 2 times (x 69B)
Class org.gradle.api.internal.ClassPathProvider                                       : loaded 2 times (x 70B)
Class com.google.common.reflect.Types$ClassOwnership$1                                : loaded 2 times (x 80B)
Class [Lorg.objectweb.asm.AnnotationVisitor;                                          : loaded 2 times (x 69B)
Class com.google.common.collect.Sets$3                                                : loaded 2 times (x 139B)
Class com.google.common.cache.LocalCache$LocalLoadingCache                            : loaded 2 times (x 134B)
Class org.gradle.internal.service.UnknownServiceException                             : loaded 2 times (x 83B)
Class com.google.common.reflect.Types$ClassOwnership$2                                : loaded 2 times (x 80B)
Class com.google.common.reflect.TypeResolver                                          : loaded 2 times (x 72B)
Class com.google.common.collect.Sets$4                                                : loaded 2 times (x 139B)
Class org.objectweb.asm.ModuleVisitor                                                 : loaded 2 times (x 81B)
Class com.google.common.cache.LocalCache$Strength$1                                   : loaded 2 times (x 81B)
Class com.google.common.reflect.Types$ClassOwnership$3                                : loaded 2 times (x 71B)
Class com.google.common.collect.Collections2$FilteredCollection                       : loaded 2 times (x 119B)
Class org.apache.commons.io.output.QueueOutputStream                                  : loaded 2 times (x 87B)
Class com.google.common.util.concurrent.SettableFuture                                : loaded 2 times (x 114B)
Class com.google.common.cache.LocalCache$Strength$2                                   : loaded 2 times (x 81B)
Class [Lcom.google.common.collect.Maps$EntryFunction;                                 : loaded 2 times (x 69B)
Class com.google.common.collect.TransformedIterator                                   : loaded 2 times (x 80B)
Class com.google.common.cache.LocalCache$Strength$3                                   : loaded 2 times (x 81B)
Class com.google.common.collect.MapDifference                                         : loaded 2 times (x 70B)
Class com.google.common.reflect.Invokable                                             : loaded 2 times (x 103B)
Class org.objectweb.asm.FieldWriter                                                   : loaded 2 times (x 78B)
Class com.google.common.cache.CacheBuilder$NullListener                               : loaded 2 times (x 82B)
Class org.gradle.internal.classpath.TransformedClassPath                              : loaded 2 times (x 96B)
Class org.gradle.internal.classloader.InstrumentingClassLoader                        : loaded 2 times (x 70B)
Class com.google.common.reflect.Types$ParameterizedTypeImpl                           : loaded 2 times (x 81B)
Class com.google.common.collect.Maps$IteratorBasedAbstractMap$1                       : loaded 2 times (x 138B)
Class org.apache.commons.io.output.UnsynchronizedByteArrayOutputStream                : loaded 2 times (x 102B)
Class com.google.common.collect.ImmutableRangeSet$AsSet                               : loaded 2 times (x 300B)
Class com.google.common.cache.CacheLoader$FunctionToCacheLoader                       : loaded 2 times (x 75B)
Class com.google.common.collect.Iterators$ArrayItr                                    : loaded 2 times (x 97B)
Class com.google.common.collect.ImmutableCollection$Builder                           : loaded 2 times (x 76B)
Class com.google.common.reflect.TypeResolver$TypeVariableKey                          : loaded 2 times (x 72B)
Class org.apache.commons.io.output.ByteArrayOutputStream                              : loaded 2 times (x 102B)
Class com.google.common.base.Joiner                                                   : loaded 2 times (x 79B)
Class com.google.common.base.Equivalence$Identity                                     : loaded 2 times (x 82B)
Class com.google.common.collect.Platform                                              : loaded 2 times (x 71B)
Class [Lorg.objectweb.asm.Type;                                                       : loaded 2 times (x 69B)
Class com.google.common.collect.UnmodifiableIterator                                  : loaded 2 times (x 80B)
Class org.gradle.internal.service.ServiceLocator                                      : loaded 2 times (x 70B)
Class com.google.common.collect.HashBiMap$BiEntry                                     : loaded 2 times (x 83B)
Class com.google.common.base.Ascii                                                    : loaded 2 times (x 71B)
Class com.google.common.collect.SingletonImmutableBiMap                               : loaded 2 times (x 143B)
Class com.google.common.cache.LocalCache$1                                            : loaded 2 times (x 89B)
Class com.google.common.collect.Iterators$SingletonIterator                           : loaded 2 times (x 81B)
Class com.google.common.collect.AbstractMapEntry                                      : loaded 2 times (x 81B)
Class com.google.common.reflect.TypeToken$SimpleTypeToken                             : loaded 2 times (x 73B)
Class com.google.common.collect.Sets$ImprovedAbstractSet                              : loaded 2 times (x 135B)
Class com.google.common.collect.ImmutableList$Builder                                 : loaded 2 times (x 77B)
Class com.google.common.collect.AbstractMultimap                                      : loaded 2 times (x 123B)
Class com.google.common.cache.LocalCache$2                                            : loaded 2 times (x 142B)
Class com.google.common.collect.ImmutableRangeSet$1                                   : loaded 2 times (x 210B)
Class com.google.common.collect.RegularImmutableAsList                                : loaded 2 times (x 217B)
Class com.google.common.base.Optional                                                 : loaded 2 times (x 80B)
Class com.google.common.collect.Range                                                 : loaded 2 times (x 87B)
Class com.google.common.util.concurrent.AbstractFuture$Trusted                        : loaded 2 times (x 70B)
Class com.google.common.collect.Iterators                                             : loaded 2 times (x 71B)
Class com.google.common.collect.Lists$StringAsImmutableList                           : loaded 2 times (x 207B)
Class com.google.common.util.concurrent.UncheckedExecutionException                   : loaded 2 times (x 82B)
Class org.gradle.kotlin.dsl.VersionCatalogAccessorsKt                                 : loaded 2 times (x 71B)
Class com.google.common.collect.AbstractMapBasedMultimap$KeySet$1                     : loaded 2 times (x 82B)
Class org.objectweb.asm.ClassWriter                                                   : loaded 2 times (x 106B)
Class com.google.common.cache.CacheLoader$UnsupportedLoadingOperationException        : loaded 2 times (x 82B)
Class com.google.common.base.CharMatcher$And                                          : loaded 2 times (x 112B)
Class org.gradle.internal.classloader.ClasspathUtil$1                                 : loaded 2 times (x 76B)
Class com.google.common.collect.FluentIterable$1                                      : loaded 2 times (x 81B)
Class com.google.common.base.Objects                                                  : loaded 2 times (x 71B)
Class org.objectweb.asm.FieldVisitor                                                  : loaded 2 times (x 77B)
Class com.google.common.collect.IndexedImmutableSet                                   : loaded 2 times (x 152B)
Class com.google.common.collect.ImmutableMap$1                                        : loaded 2 times (x 81B)
Class com.google.common.collect.BiMap                                                 : loaded 2 times (x 70B)
Class org.gradle.api.internal.classpath.DefaultModuleRegistry$DefaultModule           : loaded 2 times (x 86B)
Class com.google.common.reflect.Reflection                                            : loaded 2 times (x 71B)
Class com.google.common.collect.FluentIterable$2                                      : loaded 2 times (x 81B)
Class com.google.common.base.Absent                                                   : loaded 2 times (x 80B)
Class com.google.common.primitives.Ints                                               : loaded 2 times (x 71B)
Class com.google.common.collect.AbstractIterator                                      : loaded 2 times (x 82B)
Class com.google.common.collect.FluentIterable$3                                      : loaded 2 times (x 81B)
Class com.google.common.collect.ObjectArrays                                          : loaded 2 times (x 71B)
Class com.google.common.collect.Multiset                                              : loaded 2 times (x 70B)
Class com.google.common.collect.ArrayListMultimapGwtSerializationDependencies         : loaded 2 times (x 172B)
Class com.google.common.collect.AbstractIndexedListIterator                           : loaded 2 times (x 96B)
Class com.google.common.math.MathPreconditions                                        : loaded 2 times (x 71B)
Class org.apache.commons.io.output.NullOutputStream                                   : loaded 2 times (x 85B)
Class com.google.common.collect.ImmutableMapEntrySet                                  : loaded 2 times (x 152B)
Class org.gradle.api.internal.classpath.Module                                        : loaded 2 times (x 70B)
Class com.google.common.cache.Weigher                                                 : loaded 2 times (x 70B)
Class org.gradle.api.internal.classpath.UnknownModuleException                        : loaded 2 times (x 82B)
Class com.google.common.base.Stopwatch                                                : loaded 2 times (x 72B)
Class com.google.common.cache.LocalCache$Strength                                     : loaded 2 times (x 81B)
Class com.google.common.cache.Cache                                                   : loaded 2 times (x 70B)
Class com.google.common.base.NullnessCasts                                            : loaded 2 times (x 71B)
Class com.google.common.util.concurrent.AbstractFuture$Cancellation                   : loaded 2 times (x 72B)
Class com.google.common.collect.ImmutableMap$Builder                                  : loaded 2 times (x 82B)
Class com.google.common.collect.Maps$EntryFunction$1                                  : loaded 2 times (x 91B)
Class com.google.common.base.Present                                                  : loaded 2 times (x 81B)
Class com.google.common.cache.RemovalListener                                         : loaded 2 times (x 70B)
Class org.gradle.api.internal.DefaultClassPathRegistry                                : loaded 2 times (x 76B)
Class com.google.common.reflect.Invokable$ConstructorInvokable                        : loaded 2 times (x 107B)
Class com.google.common.collect.Maps$EntryFunction$2                                  : loaded 2 times (x 91B)
Class com.google.common.primitives.IntsMethodsForWeb                                  : loaded 2 times (x 71B)
Class com.google.common.collect.Multimap                                              : loaded 2 times (x 70B)
Class org.gradle.api.internal.ClassPathRegistry                                       : loaded 2 times (x 70B)
Class org.gradle.internal.classpath.DefaultClassPath$ImmutableUniqueList              : loaded 2 times (x 199B)
Class com.google.common.reflect.TypeToken                                             : loaded 2 times (x 73B)
Class com.google.common.collect.NullnessCasts                                         : loaded 2 times (x 71B)
Class com.google.common.base.ExtraObjectsMethodsForWeb                                : loaded 2 times (x 71B)
Class org.apache.commons.io.IOUtils                                                   : loaded 2 times (x 71B)
Class com.google.common.base.MoreObjects                                              : loaded 2 times (x 71B)
Class com.google.common.cache.CacheBuilder                                            : loaded 2 times (x 72B)
Class com.google.common.collect.SingletonImmutableList                                : loaded 2 times (x 207B)
Class Settings_gradle$1                                                               : loaded 2 times (x 74B)
Class org.gradle.internal.classpath.ClassPath                                         : loaded 2 times (x 70B)
Class [Lcom.google.common.reflect.Types$JavaVersion;                                  : loaded 2 times (x 69B)
Class com.google.common.base.JdkPattern                                               : loaded 2 times (x 75B)
Class com.google.common.collect.ImmutableList$ReverseImmutableList                    : loaded 2 times (x 209B)
Class org.objectweb.asm.SymbolTable$Entry                                             : loaded 2 times (x 74B)
Class org.objectweb.asm.Edge                                                          : loaded 2 times (x 72B)
Class com.google.common.base.Suppliers$SupplierOfInstance                             : loaded 2 times (x 79B)
Class com.google.common.collect.Iterators$1                                           : loaded 2 times (x 81B)
Class com.google.common.reflect.TypeToken$1                                           : loaded 2 times (x 110B)
Class com.google.common.cache.LocalCache$ComputingValueReference                      : loaded 2 times (x 96B)
Class com.google.common.collect.SingletonImmutableSet                                 : loaded 2 times (x 146B)
Class com.google.common.collect.ImmutableMap$IteratorBasedImmutableMap                : loaded 2 times (x 126B)
Class com.google.common.reflect.TypeToken$2                                           : loaded 2 times (x 110B)
Class com.google.common.cache.LocalCache$Segment                                      : loaded 2 times (x 154B)
Class com.google.common.collect.SortedIterable                                        : loaded 2 times (x 70B)
Class com.google.common.collect.AbstractListMultimap                                  : loaded 2 times (x 172B)
Class [Lorg.objectweb.asm.SymbolTable$Entry;                                          : loaded 2 times (x 69B)
Class com.google.common.cache.CacheLoader                                             : loaded 2 times (x 74B)
Class com.google.common.collect.Iterators$4                                           : loaded 2 times (x 82B)
Class com.google.common.collect.ImmutableBiMap                                        : loaded 2 times (x 143B)
Class org.gradle.api.internal.classpath.ModuleRegistry                                : loaded 2 times (x 70B)
Class org.gradle.internal.installation.GradleInstallation$1                           : loaded 2 times (x 75B)
Class org.apache.commons.io.output.NullWriter                                         : loaded 2 times (x 99B)
Class com.google.common.util.concurrent.internal.InternalFutureFailureAccess          : loaded 2 times (x 72B)
Class com.google.common.collect.Iterators$5                                           : loaded 2 times (x 82B)
Class com.google.common.collect.ImmutableSet$JdkBackedSetBuilderImpl                  : loaded 2 times (x 76B)
Class com.google.common.collect.Iterators$6                                           : loaded 2 times (x 81B)
Class com.google.common.cache.LocalCache$LocalManualCache$1                           : loaded 2 times (x 75B)
Class com.google.common.base.CharMatcher$ForPredicate                                 : loaded 2 times (x 112B)
Class ijKotlinCoroutineJvmDebugInit1_cm195bt44q3i5izc2mg8taang                        : loaded 2 times (x 171B)
Class com.google.common.base.CharMatcher$AnyOf                                        : loaded 2 times (x 112B)
Class com.google.common.collect.ImmutableCollection                                   : loaded 2 times (x 125B)
Class ijKotlinCoroutineJvmDebugInit1_cm195bt44q3i5izc2mg8taang$_run_closure1          : loaded 2 times (x 139B)
Class org.gradle.api.internal.classpath.DefaultModuleRegistry                         : loaded 2 times (x 86B)
Class com.google.common.collect.Lists                                                 : loaded 2 times (x 71B)
Class com.google.common.util.concurrent.ListenableFuture                              : loaded 2 times (x 70B)
Class com.google.common.cache.ReferenceEntry                                          : loaded 2 times (x 70B)
Class com.google.common.base.Converter                                                : loaded 2 times (x 90B)
Class com.google.common.collect.ImmutableSet$CachingAsList                            : loaded 2 times (x 148B)
Class com.google.common.collect.AbstractMapBasedMultimap                              : loaded 2 times (x 139B)
Class com.google.common.util.concurrent.AbstractFuture                                : loaded 2 times (x 106B)
Class com.google.common.base.FunctionalEquivalence                                    : loaded 2 times (x 83B)
Class com.google.common.collect.Iterators$9                                           : loaded 2 times (x 81B)
Class com.google.common.collect.ImmutableAsList                                       : loaded 2 times (x 209B)
Class com.google.common.reflect.TypeResolver$TypeTable                                : loaded 2 times (x 73B)
Class org.objectweb.asm.RecordComponentVisitor                                        : loaded 2 times (x 77B)
Class com.google.common.cache.CacheLoader$SupplierToCacheLoader                       : loaded 2 times (x 75B)
Class com.google.common.reflect.TypeResolver$TypeTable$1                              : loaded 2 times (x 73B)
Class com.google.common.collect.Maps$EntryTransformer                                 : loaded 2 times (x 70B)
Class org.gradle.internal.service.ServiceLookupException                              : loaded 2 times (x 82B)
Class com.google.common.collect.Lists$ReverseList                                     : loaded 2 times (x 200B)
Class com.google.common.collect.ImmutableSortedSet                                    : loaded 2 times (x 300B)
Class [Lcom.google.common.cache.LocalCache$EntryFactory;                              : loaded 2 times (x 69B)
Class org.gradle.internal.classloader.ClassLoaderFactory                              : loaded 2 times (x 70B)
Class org.apache.commons.io.CloseableURLConnection                                    : loaded 2 times (x 116B)
Class com.google.common.base.CommonPattern                                            : loaded 2 times (x 74B)
Class com.google.common.cache.LocalCache$LocalManualCache                             : loaded 2 times (x 99B)
Class com.google.common.base.CharMatcher$IsNot                                        : loaded 2 times (x 111B)
Class org.gradle.internal.service.CachingServiceLocator                               : loaded 2 times (x 82B)
Class com.google.common.collect.AbstractMapBasedMultimap$KeySet                       : loaded 2 times (x 137B)
Class com.google.common.collect.RegularImmutableSortedSet                             : loaded 2 times (x 300B)
Class com.google.common.math.IntMath                                                  : loaded 2 times (x 71B)
Class com.google.common.reflect.Types$TypeVariableInvocationHandler                   : loaded 2 times (x 75B)
Class [Lcom.google.common.collect.HashBiMap$BiEntry;                                  : loaded 2 times (x 69B)
Class com.google.common.collect.ImmutableMapEntry                                     : loaded 2 times (x 85B)
Class com.google.common.base.Predicates                                               : loaded 2 times (x 71B)
Class com.google.common.base.Equivalence                                              : loaded 2 times (x 82B)
Class com.google.common.base.Function                                                 : loaded 2 times (x 70B)
Class com.google.common.collect.ImmutableMapEntry$NonTerminalImmutableMapEntry        : loaded 2 times (x 85B)
Class com.google.common.collect.IndexedImmutableSet$1                                 : loaded 2 times (x 213B)
Class org.apache.commons.io.output.AbstractByteArrayOutputStream                      : loaded 2 times (x 102B)
Class com.google.common.cache.CacheBuilder$OneWeigher                                 : loaded 2 times (x 82B)
Class com.google.common.collect.RegularImmutableList                                  : loaded 2 times (x 213B)
Class ijJvmDebugger1_7sfvz360tqm6fbo7y3765vecg                                        : loaded 2 times (x 171B)
Class com.google.common.reflect.Types$ClassOwnership$1LocalClass                      : loaded 2 times (x 71B)
Class com.google.common.collect.Maps$EntryFunction                                    : loaded 2 times (x 91B)
Class org.gradle.internal.classloader.ClasspathUtil                                   : loaded 2 times (x 71B)
Class org.jetbrains.kotlin.tooling.core.HasExtras                                     : loaded 2 times (x 70B)
Class com.google.common.util.concurrent.Uninterruptibles                              : loaded 2 times (x 71B)
Class kotlin.jvm.internal.DefaultConstructorMarker                                    : loaded 2 times (x 71B)
Class com.google.common.util.concurrent.LazyLogger                                    : loaded 2 times (x 72B)
Class com.google.common.collect.Maps                                                  : loaded 2 times (x 71B)
Class org.gradle.api.specs.Spec                                                       : loaded 2 times (x 70B)
Class com.google.common.reflect.Types$JavaVersion                                     : loaded 2 times (x 83B)
Class [Lcom.google.common.collect.ImmutableEntry;                                     : loaded 2 times (x 69B)
Class com.google.common.collect.Sets$3$1                                              : loaded 2 times (x 82B)
Class com.google.common.cache.LocalCache$LoadingValueReference                        : loaded 2 times (x 96B)
Class com.google.common.reflect.Invokable$MethodInvokable                             : loaded 2 times (x 107B)
Class com.google.common.collect.CollectSpliterators                                   : loaded 2 times (x 71B)
Class com.google.common.base.Platform                                                 : loaded 2 times (x 71B)
Class [Lorg.objectweb.asm.AnnotationWriter;                                           : loaded 2 times (x 69B)
Class com.google.common.collect.Maps$8                                                : loaded 2 times (x 82B)
Class ijJvmDebugger1_7sfvz360tqm6fbo7y3765vecg$_run_closure1$_closure2                : loaded 2 times (x 140B)
Class com.google.common.base.Predicates$CompositionPredicate                          : loaded 2 times (x 88B)
Class com.google.common.collect.Lists$ReverseList$1                                   : loaded 2 times (x 99B)
Class com.google.common.collect.ImmutableRangeSet$Builder                             : loaded 2 times (x 77B)
Class com.google.common.collect.Sets$SetView                                          : loaded 2 times (x 138B)
Class com.google.common.cache.LocalCache$StrongValueReference                         : loaded 2 times (x 90B)
Class org.objectweb.asm.Type                                                          : loaded 2 times (x 72B)
Class org.gradle.internal.classloader.VisitableURLClassLoader$InstrumentingVisitableURLClassLoader: loaded 2 times (x 123B)
Class org.objectweb.asm.ByteVector                                                    : loaded 2 times (x 79B)
Class [Lcom.google.common.cache.CacheBuilder$NullListener;                            : loaded 2 times (x 69B)
Class com.google.common.math.IntMath$1                                                : loaded 2 times (x 71B)
Class org.gradle.internal.classloader.VisitableURLClassLoader$Spec                    : loaded 2 times (x 74B)
Class org.gradle.internal.classpath.DefaultClassPath                                  : loaded 2 times (x 90B)
Class com.google.common.reflect.Types$ClassOwnership                                  : loaded 2 times (x 80B)
Class org.objectweb.asm.Symbol                                                        : loaded 2 times (x 73B)
Class com.google.common.collect.Sets$FilteredSet                                      : loaded 2 times (x 137B)
Class com.google.common.io.Closer                                                     : loaded 2 times (x 78B)
Class com.google.common.base.CharMatcher$BitSetMatcher                                : loaded 2 times (x 112B)
Class com.google.common.collect.RegularImmutableMap$Values                            : loaded 2 times (x 207B)
Class com.google.common.collect.ImmutableSet                                          : loaded 2 times (x 145B)
Class org.gradle.internal.classloader.ClassLoaderSpec                                 : loaded 2 times (x 71B)
Class org.objectweb.asm.AnnotationWriter                                              : loaded 2 times (x 79B)
Class com.google.common.cache.CacheStats                                              : loaded 2 times (x 71B)
Class com.google.common.io.Closer$Suppressor                                          : loaded 2 times (x 70B)
Class org.objectweb.asm.RecordComponentWriter                                         : loaded 2 times (x 78B)
Class com.google.common.util.concurrent.AbstractFuture$Listener                       : loaded 2 times (x 72B)
Class com.google.common.base.CharMatcher$Or                                           : loaded 2 times (x 112B)
Class Settings_gradle$1$1                                                             : loaded 2 times (x 74B)
Class org.objectweb.asm.Attribute                                                     : loaded 2 times (x 77B)
Class com.google.common.base.Supplier                                                 : loaded 2 times (x 70B)
Class org.gradle.internal.classloader.VisitableURLClassLoader                         : loaded 2 times (x 117B)
Class com.google.common.collect.ImmutableList$SerializedForm                          : loaded 2 times (x 73B)
Class Settings_gradle                                                                 : loaded 2 times (x 124B)
Class org.gradle.internal.Cast                                                        : loaded 2 times (x 71B)
Class org.gradle.api.Action                                                           : loaded 2 times (x 70B)
Class com.google.common.collect.HashBiMap                                             : loaded 2 times (x 143B)
Class com.google.common.base.Strings                                                  : loaded 2 times (x 71B)
Class com.google.common.collect.Sets                                                  : loaded 2 times (x 71B)
Class org.objectweb.asm.Handler                                                       : loaded 2 times (x 72B)
Class com.google.common.base.Ticker                                                   : loaded 2 times (x 72B)
Class com.google.common.base.CharMatcher$FastMatcher                                  : loaded 2 times (x 111B)
Class [Lcom.google.common.cache.LocalCache$Segment;                                   : loaded 2 times (x 69B)
Class [Lcom.google.common.cache.LocalCache$Strength;                                  : loaded 2 times (x 69B)
Class com.google.common.cache.CacheBuilder$1                                          : loaded 2 times (x 85B)
Class com.google.common.base.Predicate                                                : loaded 2 times (x 70B)
Class com.google.common.collect.ImmutableMap                                          : loaded 2 times (x 120B)
Class org.gradle.internal.classpath.DefaultClassPath$ImmutableUniqueList$Builder      : loaded 2 times (x 75B)
Class com.google.common.collect.AbstractRangeSet                                      : loaded 2 times (x 114B)
Class com.google.common.cache.LocalCache                                              : loaded 2 times (x 187B)
Class com.google.common.cache.CacheBuilder$2                                          : loaded 2 times (x 79B)
Class com.google.common.base.CharMatcher$NegatedFastMatcher                           : loaded 2 times (x 113B)
Class com.google.common.collect.ArrayListMultimap                                     : loaded 2 times (x 172B)
Class com.google.common.cache.CacheBuilder$3                                          : loaded 2 times (x 72B)
Class [Lcom.google.common.collect.AbstractMapEntry;                                   : loaded 2 times (x 69B)
Class com.google.common.collect.ImmutableEntry                                        : loaded 2 times (x 82B)
Class org.gradle.api.GradleException                                                  : loaded 2 times (x 82B)
Class com.google.common.base.Suppliers$MemoizingSupplier                              : loaded 2 times (x 79B)
Class org.apache.commons.io.StandardLineSeparator                                     : loaded 2 times (x 79B)
Class com.google.common.collect.CollectPreconditions                                  : loaded 2 times (x 71B)
Class ijJvmDebugger1_7sfvz360tqm6fbo7y3765vecg$_run_closure1                          : loaded 2 times (x 139B)
Class com.google.common.collect.Maps$AbstractFilteredMap                              : loaded 2 times (x 127B)
Class com.google.common.collect.SortedMapDifference                                   : loaded 2 times (x 70B)
Class com.google.common.cache.LocalCache$EntryFactory                                 : loaded 2 times (x 83B)
Class org.jetbrains.kotlin.tooling.core.HasMutableExtras                              : loaded 2 times (x 70B)
Class com.google.common.reflect.Types$NativeTypeVariableEquals                        : loaded 2 times (x 71B)
Class com.google.common.reflect.TypeParameter                                         : loaded 2 times (x 72B)
Class com.google.common.collect.Iterables$5                                           : loaded 2 times (x 81B)
Class com.google.common.cache.LocalCache$AbstractReferenceEntry                       : loaded 2 times (x 107B)
Class org.gradle.internal.IoActions                                                   : loaded 2 times (x 71B)
Class com.google.common.collect.ImmutableRangeSet$ComplementRanges                    : loaded 2 times (x 207B)
Class org.objectweb.asm.SymbolTable                                                   : loaded 2 times (x 72B)
Class com.google.common.cache.CacheLoader$InvalidCacheLoadException                   : loaded 2 times (x 82B)
Class com.google.common.collect.ImmutableSet$RegularSetBuilderImpl                    : loaded 2 times (x 77B)
Class org.gradle.internal.classloader.SystemClassLoaderSpec                           : loaded 2 times (x 71B)
Class com.google.common.collect.FluentIterable                                        : loaded 2 times (x 81B)
Class com.google.common.cache.LocalCache$StrongEntry                                  : loaded 2 times (x 108B)
Class com.google.common.util.concurrent.AbstractFuture$TrustedFuture                  : loaded 2 times (x 114B)
Class com.google.common.cache.LoadingCache                                            : loaded 2 times (x 70B)
Class com.google.common.base.Suppliers$NonSerializableMemoizingSupplier               : loaded 2 times (x 79B)
Class org.objectweb.asm.MethodWriter                                                  : loaded 2 times (x 106B)
Class [Lcom.google.common.cache.Weigher;                                              : loaded 2 times (x 69B)
Class com.google.common.collect.RegularImmutableMap$BucketOverflowException           : loaded 2 times (x 82B)
Class com.google.common.reflect.Types$JavaVersion$1                                   : loaded 2 times (x 83B)
Class com.google.common.collect.AbstractIterator$State                                : loaded 2 times (x 79B)
Class com.google.common.collect.RegularImmutableBiMap                                 : loaded 2 times (x 149B)
Class com.google.common.cache.LocalCache$ValueReference                               : loaded 2 times (x 70B)
Class com.google.common.base.CharMatcher$Negated                                      : loaded 2 times (x 113B)
Class com.google.common.base.CharMatcher$Is                                           : loaded 2 times (x 111B)
Class com.google.common.reflect.Types$JavaVersion$2                                   : loaded 2 times (x 83B)
Class com.google.common.reflect.Types                                                 : loaded 2 times (x 71B)
Class com.google.common.hash.PrimitiveSink                                            : loaded 2 times (x 70B)
Class com.google.common.base.PatternCompiler                                          : loaded 2 times (x 70B)
Class com.google.common.util.concurrent.AbstractFuture$Failure                        : loaded 2 times (x 72B)
Class com.google.common.base.Equivalence$Equals                                       : loaded 2 times (x 82B)
Class com.google.common.collect.Hashing                                               : loaded 2 times (x 71B)
Class com.google.common.base.Preconditions                                            : loaded 2 times (x 71B)
Class com.google.common.reflect.Types$JavaVersion$3                                   : loaded 2 times (x 83B)
Class com.google.common.base.Joiner$1                                                 : loaded 2 times (x 80B)
Class org.objectweb.asm.Label                                                         : loaded 2 times (x 73B)
Class org.objectweb.asm.CurrentFrame                                                  : loaded 2 times (x 73B)
Class org.objectweb.asm.ClassTooLargeException                                        : loaded 2 times (x 83B)
Class com.google.common.base.CharMatcher                                              : loaded 2 times (x 111B)
Class com.google.common.collect.PeekingIterator                                       : loaded 2 times (x 70B)
Class com.google.common.reflect.Types$JavaVersion$4                                   : loaded 2 times (x 83B)
Class com.google.common.collect.Maps$IteratorBasedAbstractMap                         : loaded 2 times (x 125B)
Class com.google.common.collect.RangeGwtSerializationDependencies                     : loaded 2 times (x 71B)
Class com.google.common.base.Joiner$2                                                 : loaded 2 times (x 79B)
Class org.objectweb.asm.Frame                                                         : loaded 2 times (x 73B)
Class org.objectweb.asm.MethodVisitor                                                 : loaded 2 times (x 105B)
Class com.google.common.cache.LocalCache$EntryFactory$1                               : loaded 2 times (x 83B)
Class [Lcom.google.common.cache.RemovalListener;                                      : loaded 2 times (x 69B)
Class com.google.common.base.CharMatcher$1                                            : loaded 2 times (x 113B)
Class com.google.common.base.CharMatcher$NamedFastMatcher                             : loaded 2 times (x 112B)
Class com.google.common.reflect.Types$JavaVersion$5                                   : loaded 2 times (x 71B)
Class [Lcom.google.common.reflect.Types$ClassOwnership;                               : loaded 2 times (x 69B)
Class com.google.common.collect.RangeSet                                              : loaded 2 times (x 70B)
Class com.google.common.cache.LocalCache$EntryFactory$2                               : loaded 2 times (x 83B)
Class org.gradle.api.internal.classpath.GlobalCacheRootsProvider                      : loaded 2 times (x 70B)
Class kotlin.NoWhenBranchMatchedException                                             : loaded 2 times (x 82B)
Class com.google.common.collect.CollectCollectors                                     : loaded 2 times (x 71B)
Class org.objectweb.asm.ModuleWriter                                                  : loaded 2 times (x 82B)
Class com.google.common.cache.LocalCache$EntryFactory$3                               : loaded 2 times (x 83B)
Class com.google.common.base.Ticker$1                                                 : loaded 2 times (x 72B)
Class com.google.common.collect.Maps$BiMapConverter                                   : loaded 2 times (x 90B)
Class com.google.common.collect.ImmutableMapEntrySet$RegularEntrySet                  : loaded 2 times (x 152B)
Class com.google.common.cache.LocalCache$EntryFactory$4                               : loaded 2 times (x 83B)
Class com.google.common.base.CharMatcher$InRange                                      : loaded 2 times (x 111B)
Class com.google.common.collect.ImmutableSet$Builder                                  : loaded 2 times (x 85B)
Class com.google.common.cache.LocalCache$EntryFactory$5                               : loaded 2 times (x 83B)
Class com.google.common.base.PairwiseEquivalence                                      : loaded 2 times (x 83B)
Class org.apache.commons.io.output.AppendableWriter                                   : loaded 2 times (x 100B)
Class com.google.common.cache.LocalCache$EntryFactory$6                               : loaded 2 times (x 83B)
Class org.gradle.internal.installation.CurrentGradleInstallationLocator               : loaded 2 times (x 71B)
Class org.apache.commons.io.output.ThresholdingOutputStream                           : loaded 2 times (x 95B)
Class com.google.common.collect.Maps$KeySet                                           : loaded 2 times (x 137B)
Class com.google.common.cache.LocalCache$EntryFactory$7                               : loaded 2 times (x 83B)
Class com.google.common.collect.ImmutableSet$EmptySetBuilderImpl                      : loaded 2 times (x 76B)
Class com.google.common.collect.ImmutableList                                         : loaded 2 times (x 206B)
Class org.gradle.internal.service.DefaultServiceLocator                               : loaded 2 times (x 83B)
Class org.gradle.util.GradleVersion                                                   : loaded 2 times (x 81B)
Class com.google.common.collect.Maps$EntrySet                                         : loaded 2 times (x 136B)
Class com.google.common.cache.LocalCache$EntryFactory$8                               : loaded 2 times (x 83B)
Class com.google.common.collect.ImmutableSet$SetBuilderImpl                           : loaded 2 times (x 76B)
Class org.gradle.internal.installation.CurrentGradleInstallation                      : loaded 2 times (x 73B)
Class com.google.common.cache.CacheLoader$1                                           : loaded 2 times (x 75B)
Class com.google.common.collect.ForwardingObject                                      : loaded 2 times (x 72B)
Class com.google.common.collect.ImmutableList$SubList                                 : loaded 2 times (x 209B)
Class ijKotlinCoroutineJvmDebugInit1_cm195bt44q3i5izc2mg8taang$_run_closure1$_closure2: loaded 2 times (x 139B)
Class org.gradle.util.internal.GUtil                                                  : loaded 2 times (x 71B)
Class com.google.common.cache.AbstractCache$StatsCounter                              : loaded 2 times (x 70B)
Class com.google.common.reflect.Types$TypeVariableImpl                                : loaded 2 times (x 72B)
Class com.google.common.collect.Iterators$MergingIterator                             : loaded 2 times (x 81B)
Class com.google.common.collect.RegularImmutableSet                                   : loaded 2 times (x 149B)
Class org.gradle.internal.installation.GradleInstallation                             : loaded 2 times (x 75B)
Class com.google.common.collect.Iterables                                             : loaded 2 times (x 71B)
Class com.google.common.collect.Lists$RandomAccessReverseList                         : loaded 2 times (x 200B)

---------------  S Y S T E M  ---------------

OS:
 Windows 11 , 64 bit Build 26100 (10.0.26100.6725)
OS uptime: 0 days 0:39 hours
Hyper-V role detected

CPU: total 8 (initial active 8) (8 cores per cpu, 2 threads per core) family 23 model 160 stepping 0 microcode 0x8a00006, cx8, cmov, fxsr, ht, mmx, 3dnowpref, sse, sse2, sse3, ssse3, sse4a, sse4.1, sse4.2, popcnt, lzcnt, tsc, tscinvbit, avx, avx2, aes, clmul, bmi1, bmi2, adx, sha, fma, vzeroupper, clflush, clflushopt, hv, rdtscp, rdpid, f16c
Processor Information for processor 0
  Max Mhz: 2801, Current Mhz: 2801, Mhz Limit: 2801
Processor Information for processor 1
  Max Mhz: 2801, Current Mhz: 2801, Mhz Limit: 2801
Processor Information for processor 2
  Max Mhz: 2801, Current Mhz: 2801, Mhz Limit: 2801
Processor Information for processor 3
  Max Mhz: 2801, Current Mhz: 2483, Mhz Limit: 2801
Processor Information for processor 4
  Max Mhz: 2801, Current Mhz: 2801, Mhz Limit: 2801
Processor Information for processor 5
  Max Mhz: 2801, Current Mhz: 2801, Mhz Limit: 2801
Processor Information for processor 6
  Max Mhz: 2801, Current Mhz: 2801, Mhz Limit: 2801
Processor Information for processor 7
  Max Mhz: 2801, Current Mhz: 2801, Mhz Limit: 2801

Memory: 4k page, system-wide physical 7455M (494M free)
TotalPageFile size 12681M (AvailPageFile size 22M)
current process WorkingSet (physical memory assigned to process): 306M, peak: 708M
current process commit charge ("private bytes"): 837M, peak: 859M

vm_info: OpenJDK 64-Bit Server VM (21.0.9+-14787801-b1163.94) for windows-amd64 JRE (21.0.9+-14787801-b1163.94), built on 2026-01-27T21:15:44Z by "builder" with MS VC++ 16.10 / 16.11 (VS2019)

END.
