#
# There is insufficient memory for the Java Runtime Environment to continue.
# Native memory allocation (malloc) failed to allocate 1416640 bytes. Error detail: Chunk::new
# Possible reasons:
#   The system is out of physical RAM or swap space
#   This process is running with CompressedOops enabled, and the Java Heap may be blocking the growth of the native heap
# Possible solutions:
#   Reduce memory load on the system
#   Increase physical memory or swap space
#   Check if swap backing store is full
#   Decrease Java heap size (-Xmx/-Xms)
#   Decrease number of Java threads
#   Decrease Java thread stack sizes (-Xss)
#   Set larger code cache with -XX:ReservedCodeCacheSize=
#   JVM is running with Unscaled Compressed Oops mode in which the Java heap is
#     placed in the first 4GB address space. The Java Heap base address is the
#     maximum limit for the native heap growth. Please use -XX:HeapBaseMinAddress
#     to set the Java Heap base and to place the Java Heap above 4GB virtual address.
# This output file may be truncated or incomplete.
#
#  Out of Memory Error (arena.cpp:168), pid=5880, tid=14112
#
# JRE version: OpenJDK Runtime Environment (21.0.9) (build 21.0.9+-14787801-b1163.94)
# Java VM: OpenJDK 64-Bit Server VM (21.0.9+-14787801-b1163.94, mixed mode, tiered, compressed oops, compressed class ptrs, g1 gc, windows-amd64)
# No core dump will be written. Minidumps are not enabled by default on client versions of Windows
#

---------------  S U M M A R Y ------------

Command Line: --add-opens=java.base/java.lang=ALL-UNNAMED --add-opens=java.base/java.lang.invoke=ALL-UNNAMED --add-opens=java.base/java.util=ALL-UNNAMED --add-opens=java.prefs/java.util.prefs=ALL-UNNAMED --add-exports=jdk.compiler/com.sun.tools.javac.api=ALL-UNNAMED --add-exports=jdk.compiler/com.sun.tools.javac.util=ALL-UNNAMED --add-opens=java.base/java.util=ALL-UNNAMED --add-opens=java.prefs/java.util.prefs=ALL-UNNAMED --add-opens=java.base/java.nio.charset=ALL-UNNAMED --add-opens=java.base/java.net=ALL-UNNAMED --add-opens=java.base/java.util.concurrent=ALL-UNNAMED --add-opens=java.base/java.util.concurrent.atomic=ALL-UNNAMED --add-opens=java.xml/javax.xml.namespace=ALL-UNNAMED --add-opens=java.base/java.time=ALL-UNNAMED -XX:MaxMetaspaceSize=256m -Xmx1024m -Dfile.encoding=UTF-8 -Duser.country=ID -Duser.language=en -Duser.variant -javaagent:C:\Users\Asus\.gradle\wrapper\dists\gradle-9.3.1-bin\23ovyewtku6u96viwx3xl3oks\gradle-9.3.1\lib\agents\gradle-instrumentation-agent-9.3.1.jar org.gradle.launcher.daemon.bootstrap.GradleDaemon 9.3.1

Host: AMD Ryzen 5 7520U with Radeon Graphics         , 8 cores, 7G,  Windows 11 , 64 bit Build 26100 (10.0.26100.6725)
Time: Fri Jun 12 14:59:17 2026 SE Asia Standard Time elapsed time: 43.029169 seconds (0d 0h 0m 43s)

---------------  T H R E A D  ---------------

Current thread (0x000001a9c55c46c0):  JavaThread "C2 CompilerThread0" daemon [_thread_in_native, id=14112, stack(0x00000084f8100000,0x00000084f8200000) (1024K)]


Current CompileTask:
C2:43029 15285       4       org.gradle.tooling.internal.adapter.ProtocolToModelAdapter$SupportedPropertyInvoker::invoke (154 bytes)

Stack: [0x00000084f8100000,0x00000084f8200000]
Native frames: (J=compiled Java code, j=interpreted, Vv=VM code, C=native code)
V  [jvm.dll+0x6d6c99]
V  [jvm.dll+0x866b83]
V  [jvm.dll+0x8691ae]
V  [jvm.dll+0x869893]
V  [jvm.dll+0x280776]
V  [jvm.dll+0xc07cd]
V  [jvm.dll+0xc0d03]
V  [jvm.dll+0x3b986b]
V  [jvm.dll+0x3856a7]
V  [jvm.dll+0x384b1a]
V  [jvm.dll+0x249462]
V  [jvm.dll+0x248a31]
V  [jvm.dll+0x1c7344]
V  [jvm.dll+0x2581ae]
V  [jvm.dll+0x2566f6]
V  [jvm.dll+0x3f48a6]
V  [jvm.dll+0x80f118]
V  [jvm.dll+0x6d54ed]
C  [ucrtbase.dll+0x37b0]
C  [KERNEL32.DLL+0x2e8d7]
C  [ntdll.dll+0x8c53c]


---------------  P R O C E S S  ---------------

Threads class SMR info:
_java_thread_list=0x000001a9cd450880, length=134, elements={
0x000001a9af11cde0, 0x000001a9c55926b0, 0x000001a9c5593110, 0x000001a9c55949b0,
0x000001a9c55bbf60, 0x000001a9c55bc9c0, 0x000001a9c55bdf90, 0x000001a9c55bf560,
0x000001a9c55c46c0, 0x000001a9c55cde10, 0x000001a9c58cfc60, 0x000001a9cb8cb450,
0x000001a9c5886fe0, 0x000001a9cb6464d0, 0x000001a9cc318ca0, 0x000001a9cc37d0e0,
0x000001a9cc5aae30, 0x000001a9cc5ab4c0, 0x000001a9cc5acf00, 0x000001a9cc5aa110,
0x000001a9cc5abb50, 0x000001a9cc5ac870, 0x000001a9cc5a9a80, 0x000001a9cc5ac1e0,
0x000001a9ccb4ff70, 0x000001a9ccb4dea0, 0x000001a9ccb4f250, 0x000001a9ccb4f8e0,
0x000001a9ccb50600, 0x000001a9ccb50c90, 0x000001a9ccb4d810, 0x000001a9ccb526d0,
0x000001a9ccb533f0, 0x000001a9ccb519b0, 0x000001a9ccb52d60, 0x000001a9ccb52040,
0x000001a9ccb51320, 0x000001a9ccb53a80, 0x000001a9ccb54110, 0x000001a9ccb547a0,
0x000001a9cd4a4400, 0x000001a9cd4a1610, 0x000001a9cd4a4a90, 0x000001a9cd4a5120,
0x000001a9cd4a1ca0, 0x000001a9cd4a36e0, 0x000001a9cd4a3d70, 0x000001a9cd4a57b0,
0x000001a9cd4a2330, 0x000001a9cd4a5e40, 0x000001a9cd4a29c0, 0x000001a9cd4a3050,
0x000001a9cd4a7f10, 0x000001a9cd4a7880, 0x000001a9cd4a71f0, 0x000001a9cd4a85a0,
0x000001a9cd4a64d0, 0x000001a9cd4a8c30, 0x000001a9cf0a77d0, 0x000001a9cf0a5700,
0x000001a9cf0a5d90, 0x000001a9cf0a9f30, 0x000001a9cf0a8b80, 0x000001a9cf0a9210,
0x000001a9cf0ab2e0, 0x000001a9cf0a7e60, 0x000001a9cf0ab970, 0x000001a9cf0aa5c0,
0x000001a9cf0ac000, 0x000001a9ce589470, 0x000001a9ce5880c0, 0x000001a9ce58a190,
0x000001a9ce589b00, 0x000001a9ce58a820, 0x000001a9ce58aeb0, 0x000001a9ce588750,
0x000001a9ce587a30, 0x000001a9ce58b540, 0x000001a9ce58bbd0, 0x000001a9ce58c260,
0x000001a9ce588de0, 0x000001a9ce58e330, 0x000001a9ce85a680, 0x000001a9ce8592d0,
0x000001a9ce58dca0, 0x000001a9cbca2390, 0x000001a9d5219de0, 0x000001a9d521a470,
0x000001a9d521ab00, 0x000001a9d521b190, 0x000001a9cfc195e0, 0x000001a9cfc1a300,
0x000001a9cfc19c70, 0x000001a9cbca2a20, 0x000001a9cdb2f080, 0x000001a9cdb30430,
0x000001a9ce85ba30, 0x000001a9ce58e9c0, 0x000001a9cfc1b020, 0x000001a9cfc1b6b0,
0x000001a9cfc1bd40, 0x000001a9cfc1c3d0, 0x000001a9d60cbe50, 0x000001a9d60c9d80,
0x000001a9d60caaa0, 0x000001a9cd3707c0, 0x000001a9cd36e060, 0x000001a9cd49a850,
0x000001a9cd49c290, 0x000001a9cd49aee0, 0x000001a9cd49c920, 0x000001a9cd36e6f0,
0x000001a9ceb14710, 0x000001a9ceb14da0, 0x000001a9d5924db0, 0x000001a9d59267f0,
0x000001a9d5927510, 0x000001a9d5925440, 0x000001a9d5924090, 0x000001a9cd3714e0,
0x000001a9cd3b82a0, 0x000001a9cd3b6ef0, 0x000001a9cb4b0820, 0x000001a9cb4b1540,
0x000001a9cb4b1bd0, 0x000001a9cb4b2f80, 0x000001a9cb4b2260, 0x000001a9ce8c3610,
0x000001a9cd36ed80, 0x000001a9cd370e50, 0x000001a9cd36faa0, 0x000001a9cd370130,
0x000001a9d00bdd60, 0x000001a9d00bc9b0
}

Java Threads: ( => current thread )
  0x000001a9af11cde0 JavaThread "main"                              [_thread_blocked, id=14256, stack(0x00000084f7200000,0x00000084f7300000) (1024K)]
  0x000001a9c55926b0 JavaThread "Common-Cleaner"             daemon [_thread_blocked, id=14100, stack(0x00000084f7a00000,0x00000084f7b00000) (1024K)]
  0x000001a9c5593110 JavaThread "Reference Handler"          daemon [_thread_blocked, id=14292, stack(0x00000084f7b00000,0x00000084f7c00000) (1024K)]
  0x000001a9c55949b0 JavaThread "Finalizer"                  daemon [_thread_blocked, id=13436, stack(0x00000084f7c00000,0x00000084f7d00000) (1024K)]
  0x000001a9c55bbf60 JavaThread "Signal Dispatcher"          daemon [_thread_blocked, id=14084, stack(0x00000084f7d00000,0x00000084f7e00000) (1024K)]
  0x000001a9c55bc9c0 JavaThread "Attach Listener"            daemon [_thread_blocked, id=7888, stack(0x00000084f7e00000,0x00000084f7f00000) (1024K)]
  0x000001a9c55bdf90 JavaThread "Service Thread"             daemon [_thread_blocked, id=4200, stack(0x00000084f7f00000,0x00000084f8000000) (1024K)]
  0x000001a9c55bf560 JavaThread "Monitor Deflation Thread"   daemon [_thread_blocked, id=14300, stack(0x00000084f8000000,0x00000084f8100000) (1024K)]
=>0x000001a9c55c46c0 JavaThread "C2 CompilerThread0"         daemon [_thread_in_native, id=14112, stack(0x00000084f8100000,0x00000084f8200000) (1024K)]
  0x000001a9c55cde10 JavaThread "C1 CompilerThread0"         daemon [_thread_in_vm, id=5316, stack(0x00000084f8200000,0x00000084f8300000) (1024K)]
  0x000001a9c58cfc60 JavaThread "Notification Thread"        daemon [_thread_blocked, id=14276, stack(0x00000084f8300000,0x00000084f8400000) (1024K)]
  0x000001a9cb8cb450 JavaThread "Daemon health stats"               [_thread_blocked, id=944, stack(0x00000084f8c00000,0x00000084f8d00000) (1024K)]
  0x000001a9c5886fe0 JavaThread "Incoming local TCP Connector on port 56151"        [_thread_in_native, id=14896, stack(0x00000084f8d00000,0x00000084f8e00000) (1024K)]
  0x000001a9cb6464d0 JavaThread "Daemon periodic checks"            [_thread_blocked, id=7992, stack(0x00000084f8e00000,0x00000084f8f00000) (1024K)]
  0x000001a9cc318ca0 JavaThread "Daemon"                            [_thread_blocked, id=7688, stack(0x00000084f8f00000,0x00000084f9000000) (1024K)]
  0x000001a9cc37d0e0 JavaThread "Handler for socket connection from /127.0.0.1:56151 to /127.0.0.1:56152"        [_thread_in_native, id=8100, stack(0x00000084f9000000,0x00000084f9100000) (1024K)]
  0x000001a9cc5aae30 JavaThread "Cancel handler"                    [_thread_blocked, id=11316, stack(0x00000084f9200000,0x00000084f9300000) (1024K)]
  0x000001a9cc5ab4c0 JavaThread "Daemon worker"                     [_thread_in_native, id=14624, stack(0x00000084f9300000,0x00000084f9400000) (1024K)]
  0x000001a9cc5acf00 JavaThread "Asynchronous log dispatcher for DefaultDaemonConnection: socket connection from /127.0.0.1:56151 to /127.0.0.1:56152"        [_thread_blocked, id=6744, stack(0x00000084f9400000,0x00000084f9500000) (1024K)]
  0x000001a9cc5aa110 JavaThread "Stdin handler"                     [_thread_blocked, id=14072, stack(0x00000084f9500000,0x00000084f9600000) (1024K)]
  0x000001a9cc5abb50 JavaThread "Daemon client event forwarder"        [_thread_blocked, id=14448, stack(0x00000084f9600000,0x00000084f9700000) (1024K)]
  0x000001a9cc5ac870 JavaThread "Cache worker for journal cache (C:\Users\Asus\.gradle\caches\journal-1)"        [_thread_blocked, id=8588, stack(0x00000084f9700000,0x00000084f9800000) (1024K)]
  0x000001a9cc5a9a80 JavaThread "File lock request listener"        [_thread_in_native, id=4188, stack(0x00000084f9800000,0x00000084f9900000) (1024K)]
  0x000001a9cc5ac1e0 JavaThread "Cache worker for file hash cache (C:\Users\Asus\.gradle\caches\9.3.1\fileHashes)"        [_thread_blocked, id=12696, stack(0x00000084f9900000,0x00000084f9a00000) (1024K)]
  0x000001a9ccb4ff70 JavaThread "Cache worker for file hash cache (C:\Users\Asus\AndroidStudioProjects\nonaaabstrak\nonaabstrak\.gradle\9.3.1\fileHashes)"        [_thread_blocked, id=2324, stack(0x00000084f9a00000,0x00000084f9b00000) (1024K)]
  0x000001a9ccb4dea0 JavaThread "Cache worker for Build Output Cleanup Cache (C:\Users\Asus\AndroidStudioProjects\nonaaabstrak\nonaabstrak\.gradle\buildOutputCleanup)"        [_thread_blocked, id=13932, stack(0x00000084f8400000,0x00000084f8500000) (1024K)]
  0x000001a9ccb4f250 JavaThread "File watcher server"        daemon [_thread_in_native, id=13820, stack(0x00000084f9b00000,0x00000084f9c00000) (1024K)]
  0x000001a9ccb4f8e0 JavaThread "File watcher consumer"      daemon [_thread_blocked, id=13808, stack(0x00000084f9c00000,0x00000084f9d00000) (1024K)]
  0x000001a9ccb50600 JavaThread "jar transforms"                    [_thread_blocked, id=13844, stack(0x00000084f9e00000,0x00000084f9f00000) (1024K)]
  0x000001a9ccb50c90 JavaThread "jar transforms Thread 2"           [_thread_blocked, id=13800, stack(0x00000084f9f00000,0x00000084fa000000) (1024K)]
  0x000001a9ccb4d810 JavaThread "jar transforms Thread 3"           [_thread_blocked, id=13832, stack(0x00000084fa000000,0x00000084fa100000) (1024K)]
  0x000001a9ccb526d0 JavaThread "jar transforms Thread 4"           [_thread_blocked, id=13828, stack(0x00000084fa100000,0x00000084fa200000) (1024K)]
  0x000001a9ccb533f0 JavaThread "jar transforms Thread 5"           [_thread_blocked, id=13824, stack(0x00000084fa200000,0x00000084fa300000) (1024K)]
  0x000001a9ccb519b0 JavaThread "jar transforms Thread 6"           [_thread_blocked, id=13804, stack(0x00000084fa300000,0x00000084fa400000) (1024K)]
  0x000001a9ccb52d60 JavaThread "jar transforms Thread 7"           [_thread_blocked, id=4256, stack(0x00000084fa400000,0x00000084fa500000) (1024K)]
  0x000001a9ccb52040 JavaThread "jar transforms Thread 8"           [_thread_blocked, id=4296, stack(0x00000084fa500000,0x00000084fa600000) (1024K)]
  0x000001a9ccb51320 JavaThread "Cache worker for checksums cache (C:\Users\Asus\AndroidStudioProjects\nonaaabstrak\nonaabstrak\.gradle\9.3.1\checksums)"        [_thread_blocked, id=13352, stack(0x00000084f9d00000,0x00000084f9e00000) (1024K)]
  0x000001a9ccb53a80 JavaThread "Cache worker for file content cache (C:\Users\Asus\.gradle\caches\9.3.1\fileContent)"        [_thread_blocked, id=13380, stack(0x00000084fa600000,0x00000084fa700000) (1024K)]
  0x000001a9ccb54110 JavaThread "Cache worker for cache directory md-supplier (C:\Users\Asus\.gradle\caches\9.3.1\md-supplier)"        [_thread_blocked, id=13368, stack(0x00000084fa700000,0x00000084fa800000) (1024K)]
  0x000001a9ccb547a0 JavaThread "Cache worker for cache directory md-rule (C:\Users\Asus\.gradle\caches\9.3.1\md-rule)"        [_thread_blocked, id=7832, stack(0x00000084fa800000,0x00000084fa900000) (1024K)]
  0x000001a9cd4a4400 JavaThread "Unconstrained build operations"        [_thread_blocked, id=2524, stack(0x00000084faa00000,0x00000084fab00000) (1024K)]
  0x000001a9cd4a1610 JavaThread "Unconstrained build operations Thread 2"        [_thread_blocked, id=13416, stack(0x00000084fab00000,0x00000084fac00000) (1024K)]
  0x000001a9cd4a4a90 JavaThread "Unconstrained build operations Thread 3"        [_thread_blocked, id=5464, stack(0x00000084fac00000,0x00000084fad00000) (1024K)]
  0x000001a9cd4a5120 JavaThread "Unconstrained build operations Thread 4"        [_thread_blocked, id=14568, stack(0x00000084fad00000,0x00000084fae00000) (1024K)]
  0x000001a9cd4a1ca0 JavaThread "Unconstrained build operations Thread 5"        [_thread_blocked, id=8608, stack(0x00000084fae00000,0x00000084faf00000) (1024K)]
  0x000001a9cd4a36e0 JavaThread "Unconstrained build operations Thread 6"        [_thread_blocked, id=2740, stack(0x00000084faf00000,0x00000084fb000000) (1024K)]
  0x000001a9cd4a3d70 JavaThread "Unconstrained build operations Thread 7"        [_thread_blocked, id=10908, stack(0x00000084fb000000,0x00000084fb100000) (1024K)]
  0x000001a9cd4a57b0 JavaThread "Unconstrained build operations Thread 8"        [_thread_blocked, id=7620, stack(0x00000084fb100000,0x00000084fb200000) (1024K)]
  0x000001a9cd4a2330 JavaThread "Unconstrained build operations Thread 9"        [_thread_blocked, id=6340, stack(0x00000084fb200000,0x00000084fb300000) (1024K)]
  0x000001a9cd4a5e40 JavaThread "Unconstrained build operations Thread 10"        [_thread_blocked, id=7720, stack(0x00000084fb300000,0x00000084fb400000) (1024K)]
  0x000001a9cd4a29c0 JavaThread "Unconstrained build operations Thread 11"        [_thread_blocked, id=7148, stack(0x00000084fb400000,0x00000084fb500000) (1024K)]
  0x000001a9cd4a3050 JavaThread "Unconstrained build operations Thread 12"        [_thread_blocked, id=11676, stack(0x00000084fb500000,0x00000084fb600000) (1024K)]
  0x000001a9cd4a7f10 JavaThread "Unconstrained build operations Thread 13"        [_thread_blocked, id=10528, stack(0x00000084fb600000,0x00000084fb700000) (1024K)]
  0x000001a9cd4a7880 JavaThread "Unconstrained build operations Thread 14"        [_thread_blocked, id=15332, stack(0x00000084fb700000,0x00000084fb800000) (1024K)]
  0x000001a9cd4a71f0 JavaThread "Unconstrained build operations Thread 15"        [_thread_blocked, id=7944, stack(0x00000084fb800000,0x00000084fb900000) (1024K)]
  0x000001a9cd4a85a0 JavaThread "Unconstrained build operations Thread 16"        [_thread_blocked, id=1312, stack(0x00000084fb900000,0x00000084fba00000) (1024K)]
  0x000001a9cd4a64d0 JavaThread "Unconstrained build operations Thread 17"        [_thread_blocked, id=2804, stack(0x00000084fba00000,0x00000084fbb00000) (1024K)]
  0x000001a9cd4a8c30 JavaThread "Unconstrained build operations Thread 18"        [_thread_blocked, id=13692, stack(0x00000084fbb00000,0x00000084fbc00000) (1024K)]
  0x000001a9cf0a77d0 JavaThread "Unconstrained build operations Thread 19"        [_thread_blocked, id=14164, stack(0x00000084fbc00000,0x00000084fbd00000) (1024K)]
  0x000001a9cf0a5700 JavaThread "Unconstrained build operations Thread 20"        [_thread_blocked, id=13696, stack(0x00000084fbd00000,0x00000084fbe00000) (1024K)]
  0x000001a9cf0a5d90 JavaThread "Unconstrained build operations Thread 21"        [_thread_blocked, id=3828, stack(0x00000084fbe00000,0x00000084fbf00000) (1024K)]
  0x000001a9cf0a9f30 JavaThread "Unconstrained build operations Thread 22"        [_thread_blocked, id=15124, stack(0x00000084fbf00000,0x00000084fc000000) (1024K)]
  0x000001a9cf0a8b80 JavaThread "Unconstrained build operations Thread 23"        [_thread_blocked, id=2244, stack(0x00000084fc000000,0x00000084fc100000) (1024K)]
  0x000001a9cf0a9210 JavaThread "Unconstrained build operations Thread 24"        [_thread_blocked, id=14280, stack(0x00000084fc100000,0x00000084fc200000) (1024K)]
  0x000001a9cf0ab2e0 JavaThread "Unconstrained build operations Thread 25"        [_thread_blocked, id=11064, stack(0x00000084fc200000,0x00000084fc300000) (1024K)]
  0x000001a9cf0a7e60 JavaThread "Unconstrained build operations Thread 26"        [_thread_blocked, id=14252, stack(0x00000084fc300000,0x00000084fc400000) (1024K)]
  0x000001a9cf0ab970 JavaThread "Unconstrained build operations Thread 27"        [_thread_blocked, id=7380, stack(0x00000084fc400000,0x00000084fc500000) (1024K)]
  0x000001a9cf0aa5c0 JavaThread "Unconstrained build operations Thread 28"        [_thread_blocked, id=3932, stack(0x00000084fc500000,0x00000084fc600000) (1024K)]
  0x000001a9cf0ac000 JavaThread "Unconstrained build operations Thread 29"        [_thread_blocked, id=11740, stack(0x00000084fc600000,0x00000084fc700000) (1024K)]
  0x000001a9ce589470 JavaThread "Unconstrained build operations Thread 30"        [_thread_blocked, id=9396, stack(0x00000084fc700000,0x00000084fc800000) (1024K)]
  0x000001a9ce5880c0 JavaThread "Unconstrained build operations Thread 31"        [_thread_blocked, id=3776, stack(0x00000084fc800000,0x00000084fc900000) (1024K)]
  0x000001a9ce58a190 JavaThread "Unconstrained build operations Thread 32"        [_thread_blocked, id=11628, stack(0x00000084fc900000,0x00000084fca00000) (1024K)]
  0x000001a9ce589b00 JavaThread "Unconstrained build operations Thread 33"        [_thread_blocked, id=11272, stack(0x00000084fca00000,0x00000084fcb00000) (1024K)]
  0x000001a9ce58a820 JavaThread "Unconstrained build operations Thread 34"        [_thread_blocked, id=6832, stack(0x00000084fcb00000,0x00000084fcc00000) (1024K)]
  0x000001a9ce58aeb0 JavaThread "Unconstrained build operations Thread 35"        [_thread_blocked, id=10296, stack(0x00000084fcc00000,0x00000084fcd00000) (1024K)]
  0x000001a9ce588750 JavaThread "Unconstrained build operations Thread 36"        [_thread_blocked, id=6776, stack(0x00000084fcd00000,0x00000084fce00000) (1024K)]
  0x000001a9ce587a30 JavaThread "Unconstrained build operations Thread 37"        [_thread_blocked, id=7264, stack(0x00000084fce00000,0x00000084fcf00000) (1024K)]
  0x000001a9ce58b540 JavaThread "Unconstrained build operations Thread 38"        [_thread_blocked, id=14596, stack(0x00000084fcf00000,0x00000084fd000000) (1024K)]
  0x000001a9ce58bbd0 JavaThread "Unconstrained build operations Thread 39"        [_thread_blocked, id=4592, stack(0x00000084fd000000,0x00000084fd100000) (1024K)]
  0x000001a9ce58c260 JavaThread "Unconstrained build operations Thread 40"        [_thread_blocked, id=3640, stack(0x00000084fd100000,0x00000084fd200000) (1024K)]
  0x000001a9ce588de0 JavaThread "Unconstrained build operations Thread 41"        [_thread_blocked, id=4116, stack(0x00000084fd200000,0x00000084fd300000) (1024K)]
  0x000001a9ce58e330 JavaThread "Unconstrained build operations Thread 42"        [_thread_blocked, id=13984, stack(0x00000084fd300000,0x00000084fd400000) (1024K)]
  0x000001a9ce85a680 JavaThread "Problems report writer"            [_thread_blocked, id=11796, stack(0x00000084fa900000,0x00000084faa00000) (1024K)]
  0x000001a9ce8592d0 JavaThread "Memory manager"                    [_thread_blocked, id=7084, stack(0x00000084fd500000,0x00000084fd600000) (1024K)]
  0x000001a9ce58dca0 JavaThread "build event listener"              [_thread_blocked, id=12192, stack(0x00000084fd600000,0x00000084fd700000) (1024K)]
  0x000001a9cbca2390 JavaThread "included builds"                   [_thread_blocked, id=4808, stack(0x00000084fd700000,0x00000084fd800000) (1024K)]
  0x000001a9d5219de0 JavaThread "Execution worker"                  [_thread_blocked, id=10732, stack(0x00000084fd800000,0x00000084fd900000) (1024K)]
  0x000001a9d521a470 JavaThread "Execution worker Thread 2"         [_thread_blocked, id=10664, stack(0x00000084fd900000,0x00000084fda00000) (1024K)]
  0x000001a9d521ab00 JavaThread "Execution worker Thread 3"         [_thread_blocked, id=12092, stack(0x00000084fda00000,0x00000084fdb00000) (1024K)]
  0x000001a9d521b190 JavaThread "Execution worker Thread 4"         [_thread_blocked, id=7156, stack(0x00000084fdb00000,0x00000084fdc00000) (1024K)]
  0x000001a9cfc195e0 JavaThread "Execution worker Thread 5"         [_thread_blocked, id=4456, stack(0x00000084fdc00000,0x00000084fdd00000) (1024K)]
  0x000001a9cfc1a300 JavaThread "Execution worker Thread 6"         [_thread_blocked, id=1172, stack(0x00000084fdd00000,0x00000084fde00000) (1024K)]
  0x000001a9cfc19c70 JavaThread "Execution worker Thread 7"         [_thread_blocked, id=15336, stack(0x00000084fde00000,0x00000084fdf00000) (1024K)]
  0x000001a9cbca2a20 JavaThread "Cache worker for execution history cache (C:\Users\Asus\AndroidStudioProjects\nonaaabstrak\nonaabstrak\.gradle\9.3.1\executionHistory)"        [_thread_blocked, id=15032, stack(0x00000084fdf00000,0x00000084fe000000) (1024K)]
  0x000001a9cdb2f080 JavaThread "idea-tooling-model-converter"        [_thread_blocked, id=4700, stack(0x00000084fe000000,0x00000084fe100000) (1024K)]
  0x000001a9cdb30430 JavaThread "Unconstrained build operations Thread 43"        [_thread_blocked, id=10488, stack(0x00000084fe100000,0x00000084fe200000) (1024K)]
  0x000001a9ce85ba30 JavaThread "Unconstrained build operations Thread 44"        [_thread_blocked, id=14580, stack(0x00000084f6f00000,0x00000084f7000000) (1024K)]
  0x000001a9ce58e9c0 JavaThread "Unconstrained build operations Thread 45"        [_thread_blocked, id=5348, stack(0x00000084f7000000,0x00000084f7100000) (1024K)]
  0x000001a9cfc1b020 JavaThread "Unconstrained build operations Thread 46"        [_thread_blocked, id=4348, stack(0x00000084fd400000,0x00000084fd500000) (1024K)]
  0x000001a9cfc1b6b0 JavaThread "Unconstrained build operations Thread 47"        [_thread_blocked, id=14964, stack(0x00000084fe200000,0x00000084fe300000) (1024K)]
  0x000001a9cfc1bd40 JavaThread "Unconstrained build operations Thread 48"        [_thread_blocked, id=7812, stack(0x00000084fe300000,0x00000084fe400000) (1024K)]
  0x000001a9cfc1c3d0 JavaThread "Unconstrained build operations Thread 49"        [_thread_blocked, id=8740, stack(0x00000084fe400000,0x00000084fe500000) (1024K)]
  0x000001a9d60cbe50 JavaThread "Unconstrained build operations Thread 50"        [_thread_blocked, id=3244, stack(0x00000084fe500000,0x00000084fe600000) (1024K)]
  0x000001a9d60c9d80 JavaThread "Unconstrained build operations Thread 51"        [_thread_blocked, id=8080, stack(0x00000084fe600000,0x00000084fe700000) (1024K)]
  0x000001a9d60caaa0 JavaThread "Unconstrained build operations Thread 52"        [_thread_blocked, id=3064, stack(0x00000084fe700000,0x00000084fe800000) (1024K)]
  0x000001a9cd3707c0 JavaThread "Unconstrained build operations Thread 53"        [_thread_blocked, id=14048, stack(0x00000084fe900000,0x00000084fea00000) (1024K)]
  0x000001a9cd36e060 JavaThread "Unconstrained build operations Thread 54"        [_thread_blocked, id=15236, stack(0x00000084fea00000,0x00000084feb00000) (1024K)]
  0x000001a9cd49a850 JavaThread "Unconstrained build operations Thread 55"        [_thread_blocked, id=7132, stack(0x00000084feb00000,0x00000084fec00000) (1024K)]
  0x000001a9cd49c290 JavaThread "Unconstrained build operations Thread 56"        [_thread_blocked, id=13136, stack(0x00000084fec00000,0x00000084fed00000) (1024K)]
  0x000001a9cd49aee0 JavaThread "Unconstrained build operations Thread 57"        [_thread_blocked, id=3108, stack(0x00000084fed00000,0x00000084fee00000) (1024K)]
  0x000001a9cd49c920 JavaThread "Unconstrained build operations Thread 58"        [_thread_blocked, id=3120, stack(0x00000084fee00000,0x00000084fef00000) (1024K)]
  0x000001a9cd36e6f0 JavaThread "Unconstrained build operations Thread 59"        [_thread_blocked, id=5576, stack(0x00000084fef00000,0x00000084ff000000) (1024K)]
  0x000001a9ceb14710 JavaThread "Unconstrained build operations Thread 60"        [_thread_blocked, id=13272, stack(0x00000084ff000000,0x00000084ff100000) (1024K)]
  0x000001a9ceb14da0 JavaThread "Unconstrained build operations Thread 61"        [_thread_blocked, id=14764, stack(0x00000084ff100000,0x00000084ff200000) (1024K)]
  0x000001a9d5924db0 JavaThread "Unconstrained build operations Thread 62"        [_thread_blocked, id=9440, stack(0x00000084ff200000,0x00000084ff300000) (1024K)]
  0x000001a9d59267f0 JavaThread "Unconstrained build operations Thread 63"        [_thread_blocked, id=8536, stack(0x00000084ff300000,0x00000084ff400000) (1024K)]
  0x000001a9d5927510 JavaThread "Unconstrained build operations Thread 64"        [_thread_blocked, id=4820, stack(0x00000084ff400000,0x00000084ff500000) (1024K)]
  0x000001a9d5925440 JavaThread "Unconstrained build operations Thread 65"        [_thread_blocked, id=14856, stack(0x00000084ff500000,0x00000084ff600000) (1024K)]
  0x000001a9d5924090 JavaThread "Unconstrained build operations Thread 66"        [_thread_blocked, id=11948, stack(0x00000084ff600000,0x00000084ff700000) (1024K)]
  0x000001a9cd3714e0 JavaThread "Unconstrained build operations Thread 67"        [_thread_blocked, id=11004, stack(0x00000084fe800000,0x00000084fe900000) (1024K)]
  0x000001a9cd3b82a0 JavaThread "Unconstrained build operations Thread 68"        [_thread_blocked, id=6308, stack(0x00000084ff800000,0x00000084ff900000) (1024K)]
  0x000001a9cd3b6ef0 JavaThread "Unconstrained build operations Thread 69"        [_thread_blocked, id=11528, stack(0x00000084ff900000,0x00000084ffa00000) (1024K)]
  0x000001a9cb4b0820 JavaThread "Unconstrained build operations Thread 70"        [_thread_blocked, id=8244, stack(0x00000084ffa00000,0x00000084ffb00000) (1024K)]
  0x000001a9cb4b1540 JavaThread "Unconstrained build operations Thread 71"        [_thread_blocked, id=14792, stack(0x00000084ffb00000,0x00000084ffc00000) (1024K)]
  0x000001a9cb4b1bd0 JavaThread "Unconstrained build operations Thread 72"        [_thread_blocked, id=3744, stack(0x00000084ffc00000,0x00000084ffd00000) (1024K)]
  0x000001a9cb4b2f80 JavaThread "Unconstrained build operations Thread 73"        [_thread_blocked, id=7244, stack(0x00000084ffd00000,0x00000084ffe00000) (1024K)]
  0x000001a9cb4b2260 JavaThread "Unconstrained build operations Thread 74"        [_thread_blocked, id=11492, stack(0x00000084ffe00000,0x00000084fff00000) (1024K)]
  0x000001a9ce8c3610 JavaThread "C2 CompilerThread1"         daemon [_thread_in_native, id=7144, stack(0x00000084fff00000,0x0000008500000000) (1024K)]
  0x000001a9cd36ed80 JavaThread "Unconstrained build operations Thread 75"        [_thread_blocked, id=7080, stack(0x0000008480000000,0x0000008480100000) (1024K)]
  0x000001a9cd370e50 JavaThread "Unconstrained build operations Thread 76"        [_thread_blocked, id=14576, stack(0x0000008480100000,0x0000008480200000) (1024K)]
  0x000001a9cd36faa0 JavaThread "Unconstrained build operations Thread 77"        [_thread_blocked, id=14852, stack(0x0000008480200000,0x0000008480300000) (1024K)]
  0x000001a9cd370130 JavaThread "Unconstrained build operations Thread 78"        [_thread_blocked, id=3360, stack(0x0000008480300000,0x0000008480400000) (1024K)]
  0x000001a9d00bdd60 JavaThread "Unconstrained build operations Thread 79"        [_thread_blocked, id=8556, stack(0x0000008480400000,0x0000008480500000) (1024K)]
  0x000001a9d00bc9b0 JavaThread "Unconstrained build operations Thread 80"        [_thread_blocked, id=12924, stack(0x0000008480500000,0x0000008480600000) (1024K)]
Total: 134

Other Threads:
  0x000001a9c53c0980 VMThread "VM Thread"                           [id=14088, stack(0x00000084f7900000,0x00000084f7a00000) (1024K)]
  0x000001a9c537b290 WatcherThread "VM Periodic Task Thread"        [id=14044, stack(0x00000084f7800000,0x00000084f7900000) (1024K)]
  0x000001a9af155540 WorkerThread "GC Thread#0"                     [id=13456, stack(0x00000084f7300000,0x00000084f7400000) (1024K)]
  0x000001a9ca40d270 WorkerThread "GC Thread#1"                     [id=14240, stack(0x00000084f8500000,0x00000084f8600000) (1024K)]
  0x000001a9ca4955c0 WorkerThread "GC Thread#2"                     [id=14328, stack(0x00000084f8600000,0x00000084f8700000) (1024K)]
  0x000001a9cac20890 WorkerThread "GC Thread#3"                     [id=6624, stack(0x00000084f8700000,0x00000084f8800000) (1024K)]
  0x000001a9cac9b940 WorkerThread "GC Thread#4"                     [id=10440, stack(0x00000084f8800000,0x00000084f8900000) (1024K)]
  0x000001a9cb1f7ea0 WorkerThread "GC Thread#5"                     [id=12812, stack(0x00000084f8900000,0x00000084f8a00000) (1024K)]
  0x000001a9cb018480 WorkerThread "GC Thread#6"                     [id=1976, stack(0x00000084f8a00000,0x00000084f8b00000) (1024K)]
  0x000001a9cb1b0de0 WorkerThread "GC Thread#7"                     [id=2664, stack(0x00000084f8b00000,0x00000084f8c00000) (1024K)]
  0x000001a9af15e430 ConcurrentGCThread "G1 Main Marker"            [id=14052, stack(0x00000084f7400000,0x00000084f7500000) (1024K)]
  0x000001a9af160420 WorkerThread "G1 Conc#0"                       [id=8840, stack(0x00000084f7500000,0x00000084f7600000) (1024K)]
  0x000001a9cc517130 WorkerThread "G1 Conc#1"                       [id=15224, stack(0x00000084f9100000,0x00000084f9200000) (1024K)]
  0x000001a9af1d88a0 ConcurrentGCThread "G1 Refine#0"               [id=12108, stack(0x00000084f7600000,0x00000084f7700000) (1024K)]
  0x000001a9c52518a0 ConcurrentGCThread "G1 Service"                [id=13764, stack(0x00000084f7700000,0x00000084f7800000) (1024K)]
Total: 15

Threads with active compile tasks:
C2 CompilerThread0  44118 15285       4       org.gradle.tooling.internal.adapter.ProtocolToModelAdapter$SupportedPropertyInvoker::invoke (154 bytes)
C2 CompilerThread1  44118 15283       4       org.gradle.tooling.internal.adapter.ProtocolToModelAdapter$InvocationHandlerImpl::invoke (176 bytes)
Total: 2

VM state: not at safepoint (normal execution)

VM Mutex/Monitor currently owned by a thread: None

Heap address: 0x00000000c0000000, size: 1024 MB, Compressed Oops mode: 32-bit

CDS archive(s) not mapped
Compressed class space mapped at: 0x0000000100000000-0x000000010d000000, reserved size: 218103808
Narrow klass base: 0x0000000000000000, Narrow klass shift: 3, Narrow klass range: 0x10d000000

GC Precious Log:
 CardTable entry size: 512
 Card Set container configuration: InlinePtr #cards 5 size 8 Array Of Cards #cards 12 size 40 Howl #buckets 4 coarsen threshold 1843 Howl Bitmap #cards 512 size 80 coarsen threshold 460 Card regions per heap region 1 cards per card region 2048
 CPUs: 8 total, 8 available
 Memory: 7455M
 Large Page Support: Disabled
 NUMA Support: Disabled
 Compressed Oops: Enabled (32-bit)
 Heap Region Size: 1M
 Heap Min Capacity: 8M
 Heap Initial Capacity: 118M
 Heap Max Capacity: 1G
 Pre-touch: Disabled
 Parallel Workers: 8
 Concurrent Workers: 2
 Concurrent Refinement Workers: 8
 Periodic GC: Disabled

Heap:
 garbage-first heap   total 281600K, used 215078K [0x00000000c0000000, 0x0000000100000000)
  region size 1024K, 54 young (55296K), 9 survivors (9216K)
 Metaspace       used 137146K, committed 139584K, reserved 344064K
  class space    used 19048K, committed 20224K, reserved 212992K

Heap Regions: E=young(eden), S=young(survivor), O=old, HS=humongous(starts), HC=humongous(continues), CS=collection set, F=free, TAMS=top-at-mark-start, PB=parsable bottom
|   0|0x00000000c0000000, 0x00000000c0100000, 0x00000000c0100000|100%|HS|  |TAMS 0x00000000c0000000| PB 0x00000000c0000000| Complete 
|   1|0x00000000c0100000, 0x00000000c0200000, 0x00000000c0200000|100%|HC|  |TAMS 0x00000000c0100000| PB 0x00000000c0100000| Complete 
|   2|0x00000000c0200000, 0x00000000c0300000, 0x00000000c0300000|100%|HC|  |TAMS 0x00000000c0200000| PB 0x00000000c0200000| Complete 
|   3|0x00000000c0300000, 0x00000000c0400000, 0x00000000c0400000|100%|HC|  |TAMS 0x00000000c0300000| PB 0x00000000c0300000| Complete 
|   4|0x00000000c0400000, 0x00000000c0500000, 0x00000000c0500000|100%| O|  |TAMS 0x00000000c0400000| PB 0x00000000c0400000| Untracked 
|   5|0x00000000c0500000, 0x00000000c0600000, 0x00000000c0600000|100%| O|  |TAMS 0x00000000c0500000| PB 0x00000000c0500000| Untracked 
|   6|0x00000000c0600000, 0x00000000c0700000, 0x00000000c0700000|100%| O|  |TAMS 0x00000000c0600000| PB 0x00000000c0600000| Untracked 
|   7|0x00000000c0700000, 0x00000000c0800000, 0x00000000c0800000|100%|HS|  |TAMS 0x00000000c0700000| PB 0x00000000c0700000| Complete 
|   8|0x00000000c0800000, 0x00000000c0900000, 0x00000000c0900000|100%| O|  |TAMS 0x00000000c0800000| PB 0x00000000c0800000| Untracked 
|   9|0x00000000c0900000, 0x00000000c0a00000, 0x00000000c0a00000|100%| O|  |TAMS 0x00000000c0900000| PB 0x00000000c0900000| Untracked 
|  10|0x00000000c0a00000, 0x00000000c0b00000, 0x00000000c0b00000|100%| O|  |TAMS 0x00000000c0a00000| PB 0x00000000c0a00000| Untracked 
|  11|0x00000000c0b00000, 0x00000000c0c00000, 0x00000000c0c00000|100%| O|  |TAMS 0x00000000c0b00000| PB 0x00000000c0b00000| Untracked 
|  12|0x00000000c0c00000, 0x00000000c0d00000, 0x00000000c0d00000|100%| O|  |TAMS 0x00000000c0c00000| PB 0x00000000c0c00000| Untracked 
|  13|0x00000000c0d00000, 0x00000000c0e00000, 0x00000000c0e00000|100%| O|  |TAMS 0x00000000c0d00000| PB 0x00000000c0d00000| Untracked 
|  14|0x00000000c0e00000, 0x00000000c0f00000, 0x00000000c0f00000|100%| O|  |TAMS 0x00000000c0e00000| PB 0x00000000c0e00000| Untracked 
|  15|0x00000000c0f00000, 0x00000000c1000000, 0x00000000c1000000|100%| O|  |TAMS 0x00000000c0f00000| PB 0x00000000c0f00000| Untracked 
|  16|0x00000000c1000000, 0x00000000c1100000, 0x00000000c1100000|100%| O|  |TAMS 0x00000000c1000000| PB 0x00000000c1000000| Untracked 
|  17|0x00000000c1100000, 0x00000000c1200000, 0x00000000c1200000|100%| O|  |TAMS 0x00000000c1100000| PB 0x00000000c1100000| Untracked 
|  18|0x00000000c1200000, 0x00000000c1300000, 0x00000000c1300000|100%| O|  |TAMS 0x00000000c1200000| PB 0x00000000c1200000| Untracked 
|  19|0x00000000c1300000, 0x00000000c1400000, 0x00000000c1400000|100%| O|  |TAMS 0x00000000c1300000| PB 0x00000000c1300000| Untracked 
|  20|0x00000000c1400000, 0x00000000c1500000, 0x00000000c1500000|100%|HS|  |TAMS 0x00000000c1400000| PB 0x00000000c1400000| Complete 
|  21|0x00000000c1500000, 0x00000000c1600000, 0x00000000c1600000|100%| O|  |TAMS 0x00000000c1500000| PB 0x00000000c1500000| Untracked 
|  22|0x00000000c1600000, 0x00000000c1700000, 0x00000000c1700000|100%| O|  |TAMS 0x00000000c1600000| PB 0x00000000c1600000| Untracked 
|  23|0x00000000c1700000, 0x00000000c1800000, 0x00000000c1800000|100%|HS|  |TAMS 0x00000000c1700000| PB 0x00000000c1700000| Complete 
|  24|0x00000000c1800000, 0x00000000c1900000, 0x00000000c1900000|100%|HC|  |TAMS 0x00000000c1800000| PB 0x00000000c1800000| Complete 
|  25|0x00000000c1900000, 0x00000000c1a00000, 0x00000000c1a00000|100%| O|  |TAMS 0x00000000c1900000| PB 0x00000000c1900000| Untracked 
|  26|0x00000000c1a00000, 0x00000000c1b00000, 0x00000000c1b00000|100%|HS|  |TAMS 0x00000000c1a00000| PB 0x00000000c1a00000| Complete 
|  27|0x00000000c1b00000, 0x00000000c1c00000, 0x00000000c1c00000|100%| O|  |TAMS 0x00000000c1b00000| PB 0x00000000c1b00000| Untracked 
|  28|0x00000000c1c00000, 0x00000000c1d00000, 0x00000000c1d00000|100%| O|  |TAMS 0x00000000c1c00000| PB 0x00000000c1c00000| Untracked 
|  29|0x00000000c1d00000, 0x00000000c1e00000, 0x00000000c1e00000|100%|HS|  |TAMS 0x00000000c1d00000| PB 0x00000000c1d00000| Complete 
|  30|0x00000000c1e00000, 0x00000000c1f00000, 0x00000000c1f00000|100%|HC|  |TAMS 0x00000000c1e00000| PB 0x00000000c1e00000| Complete 
|  31|0x00000000c1f00000, 0x00000000c2000000, 0x00000000c2000000|100%|HC|  |TAMS 0x00000000c1f00000| PB 0x00000000c1f00000| Complete 
|  32|0x00000000c2000000, 0x00000000c2100000, 0x00000000c2100000|100%|HC|  |TAMS 0x00000000c2000000| PB 0x00000000c2000000| Complete 
|  33|0x00000000c2100000, 0x00000000c2200000, 0x00000000c2200000|100%|HC|  |TAMS 0x00000000c2100000| PB 0x00000000c2100000| Complete 
|  34|0x00000000c2200000, 0x00000000c2300000, 0x00000000c2300000|100%|HC|  |TAMS 0x00000000c2200000| PB 0x00000000c2200000| Complete 
|  35|0x00000000c2300000, 0x00000000c2400000, 0x00000000c2400000|100%| O|  |TAMS 0x00000000c2300000| PB 0x00000000c2300000| Untracked 
|  36|0x00000000c2400000, 0x00000000c2500000, 0x00000000c2500000|100%| O|  |TAMS 0x00000000c2400000| PB 0x00000000c2400000| Untracked 
|  37|0x00000000c2500000, 0x00000000c2600000, 0x00000000c2600000|100%| O|  |TAMS 0x00000000c2500000| PB 0x00000000c2500000| Untracked 
|  38|0x00000000c2600000, 0x00000000c2700000, 0x00000000c2700000|100%| O|  |TAMS 0x00000000c2600000| PB 0x00000000c2600000| Untracked 
|  39|0x00000000c2700000, 0x00000000c2800000, 0x00000000c2800000|100%|HS|  |TAMS 0x00000000c2700000| PB 0x00000000c2700000| Complete 
|  40|0x00000000c2800000, 0x00000000c2900000, 0x00000000c2900000|100%|HC|  |TAMS 0x00000000c2800000| PB 0x00000000c2800000| Complete 
|  41|0x00000000c2900000, 0x00000000c2a00000, 0x00000000c2a00000|100%|HC|  |TAMS 0x00000000c2900000| PB 0x00000000c2900000| Complete 
|  42|0x00000000c2a00000, 0x00000000c2b00000, 0x00000000c2b00000|100%|HC|  |TAMS 0x00000000c2a00000| PB 0x00000000c2a00000| Complete 
|  43|0x00000000c2b00000, 0x00000000c2c00000, 0x00000000c2c00000|100%|HC|  |TAMS 0x00000000c2b00000| PB 0x00000000c2b00000| Complete 
|  44|0x00000000c2c00000, 0x00000000c2d00000, 0x00000000c2d00000|100%|HC|  |TAMS 0x00000000c2c00000| PB 0x00000000c2c00000| Complete 
|  45|0x00000000c2d00000, 0x00000000c2e00000, 0x00000000c2e00000|100%|HS|  |TAMS 0x00000000c2d00000| PB 0x00000000c2d00000| Complete 
|  46|0x00000000c2e00000, 0x00000000c2f00000, 0x00000000c2f00000|100%|HC|  |TAMS 0x00000000c2e00000| PB 0x00000000c2e00000| Complete 
|  47|0x00000000c2f00000, 0x00000000c3000000, 0x00000000c3000000|100%| O|  |TAMS 0x00000000c2f00000| PB 0x00000000c2f00000| Untracked 
|  48|0x00000000c3000000, 0x00000000c3100000, 0x00000000c3100000|100%| O|  |TAMS 0x00000000c3000000| PB 0x00000000c3000000| Untracked 
|  49|0x00000000c3100000, 0x00000000c3200000, 0x00000000c3200000|100%| O|  |TAMS 0x00000000c3100000| PB 0x00000000c3100000| Untracked 
|  50|0x00000000c3200000, 0x00000000c3300000, 0x00000000c3300000|100%| O|  |TAMS 0x00000000c3200000| PB 0x00000000c3200000| Untracked 
|  51|0x00000000c3300000, 0x00000000c3400000, 0x00000000c3400000|100%| O|  |TAMS 0x00000000c3300000| PB 0x00000000c3300000| Untracked 
|  52|0x00000000c3400000, 0x00000000c3500000, 0x00000000c3500000|100%| O|  |TAMS 0x00000000c3400000| PB 0x00000000c3400000| Untracked 
|  53|0x00000000c3500000, 0x00000000c3600000, 0x00000000c3600000|100%| O|  |TAMS 0x00000000c3500000| PB 0x00000000c3500000| Untracked 
|  54|0x00000000c3600000, 0x00000000c3700000, 0x00000000c3700000|100%| O|  |TAMS 0x00000000c3600000| PB 0x00000000c3600000| Untracked 
|  55|0x00000000c3700000, 0x00000000c3800000, 0x00000000c3800000|100%| O|  |TAMS 0x00000000c3700000| PB 0x00000000c3700000| Untracked 
|  56|0x00000000c3800000, 0x00000000c3900000, 0x00000000c3900000|100%|HS|  |TAMS 0x00000000c3800000| PB 0x00000000c3800000| Complete 
|  57|0x00000000c3900000, 0x00000000c3a00000, 0x00000000c3a00000|100%|HC|  |TAMS 0x00000000c3900000| PB 0x00000000c3900000| Complete 
|  58|0x00000000c3a00000, 0x00000000c3b00000, 0x00000000c3b00000|100%| O|  |TAMS 0x00000000c3a00000| PB 0x00000000c3a00000| Untracked 
|  59|0x00000000c3b00000, 0x00000000c3c00000, 0x00000000c3c00000|100%| O|  |TAMS 0x00000000c3b00000| PB 0x00000000c3b00000| Untracked 
|  60|0x00000000c3c00000, 0x00000000c3d00000, 0x00000000c3d00000|100%| O|  |TAMS 0x00000000c3c00000| PB 0x00000000c3c00000| Untracked 
|  61|0x00000000c3d00000, 0x00000000c3e00000, 0x00000000c3e00000|100%| O|  |TAMS 0x00000000c3d00000| PB 0x00000000c3d00000| Untracked 
|  62|0x00000000c3e00000, 0x00000000c3f00000, 0x00000000c3f00000|100%| O|  |TAMS 0x00000000c3e00000| PB 0x00000000c3e00000| Untracked 
|  63|0x00000000c3f00000, 0x00000000c4000000, 0x00000000c4000000|100%| O|  |TAMS 0x00000000c3f00000| PB 0x00000000c3f00000| Untracked 
|  64|0x00000000c4000000, 0x00000000c4100000, 0x00000000c4100000|100%| O|  |TAMS 0x00000000c4000000| PB 0x00000000c4000000| Untracked 
|  65|0x00000000c4100000, 0x00000000c4200000, 0x00000000c4200000|100%| O|  |TAMS 0x00000000c4100000| PB 0x00000000c4100000| Untracked 
|  66|0x00000000c4200000, 0x00000000c4300000, 0x00000000c4300000|100%| O|  |TAMS 0x00000000c4200000| PB 0x00000000c4200000| Untracked 
|  67|0x00000000c4300000, 0x00000000c4400000, 0x00000000c4400000|100%| O|  |TAMS 0x00000000c4300000| PB 0x00000000c4300000| Untracked 
|  68|0x00000000c4400000, 0x00000000c4500000, 0x00000000c4500000|100%| O|  |TAMS 0x00000000c4400000| PB 0x00000000c4400000| Untracked 
|  69|0x00000000c4500000, 0x00000000c4600000, 0x00000000c4600000|100%| O|  |TAMS 0x00000000c4500000| PB 0x00000000c4500000| Untracked 
|  70|0x00000000c4600000, 0x00000000c4700000, 0x00000000c4700000|100%| O|  |TAMS 0x00000000c4600000| PB 0x00000000c4600000| Untracked 
|  71|0x00000000c4700000, 0x00000000c4800000, 0x00000000c4800000|100%| O|  |TAMS 0x00000000c4700000| PB 0x00000000c4700000| Untracked 
|  72|0x00000000c4800000, 0x00000000c4900000, 0x00000000c4900000|100%| O|  |TAMS 0x00000000c4800000| PB 0x00000000c4800000| Untracked 
|  73|0x00000000c4900000, 0x00000000c4a00000, 0x00000000c4a00000|100%| O|  |TAMS 0x00000000c4900000| PB 0x00000000c4900000| Untracked 
|  74|0x00000000c4a00000, 0x00000000c4b00000, 0x00000000c4b00000|100%| O|  |TAMS 0x00000000c4a00000| PB 0x00000000c4a00000| Untracked 
|  75|0x00000000c4b00000, 0x00000000c4c00000, 0x00000000c4c00000|100%| O|  |TAMS 0x00000000c4b00000| PB 0x00000000c4b00000| Untracked 
|  76|0x00000000c4c00000, 0x00000000c4d00000, 0x00000000c4d00000|100%| O|  |TAMS 0x00000000c4c00000| PB 0x00000000c4c00000| Untracked 
|  77|0x00000000c4d00000, 0x00000000c4e00000, 0x00000000c4e00000|100%|HS|  |TAMS 0x00000000c4d00000| PB 0x00000000c4d00000| Complete 
|  78|0x00000000c4e00000, 0x00000000c4f00000, 0x00000000c4f00000|100%|HS|  |TAMS 0x00000000c4e00000| PB 0x00000000c4e00000| Complete 
|  79|0x00000000c4f00000, 0x00000000c5000000, 0x00000000c5000000|100%| O|  |TAMS 0x00000000c4f00000| PB 0x00000000c4f00000| Untracked 
|  80|0x00000000c5000000, 0x00000000c5100000, 0x00000000c5100000|100%| O|  |TAMS 0x00000000c5000000| PB 0x00000000c5000000| Untracked 
|  81|0x00000000c5100000, 0x00000000c5200000, 0x00000000c5200000|100%| O|  |TAMS 0x00000000c5100000| PB 0x00000000c5100000| Untracked 
|  82|0x00000000c5200000, 0x00000000c5300000, 0x00000000c5300000|100%|HS|  |TAMS 0x00000000c5200000| PB 0x00000000c5200000| Complete 
|  83|0x00000000c5300000, 0x00000000c5400000, 0x00000000c5400000|100%|HC|  |TAMS 0x00000000c5300000| PB 0x00000000c5300000| Complete 
|  84|0x00000000c5400000, 0x00000000c5500000, 0x00000000c5500000|100%| O|  |TAMS 0x00000000c5400000| PB 0x00000000c5400000| Untracked 
|  85|0x00000000c5500000, 0x00000000c5600000, 0x00000000c5600000|100%| O|  |TAMS 0x00000000c5500000| PB 0x00000000c5500000| Untracked 
|  86|0x00000000c5600000, 0x00000000c5700000, 0x00000000c5700000|100%| O|  |TAMS 0x00000000c5600000| PB 0x00000000c5600000| Untracked 
|  87|0x00000000c5700000, 0x00000000c5800000, 0x00000000c5800000|100%| O|  |TAMS 0x00000000c5700000| PB 0x00000000c5700000| Untracked 
|  88|0x00000000c5800000, 0x00000000c5900000, 0x00000000c5900000|100%| O|  |TAMS 0x00000000c5800000| PB 0x00000000c5800000| Untracked 
|  89|0x00000000c5900000, 0x00000000c5a00000, 0x00000000c5a00000|100%|HS|  |TAMS 0x00000000c5900000| PB 0x00000000c5900000| Complete 
|  90|0x00000000c5a00000, 0x00000000c5b00000, 0x00000000c5b00000|100%|HC|  |TAMS 0x00000000c5a00000| PB 0x00000000c5a00000| Complete 
|  91|0x00000000c5b00000, 0x00000000c5c00000, 0x00000000c5c00000|100%|HS|  |TAMS 0x00000000c5b00000| PB 0x00000000c5b00000| Complete 
|  92|0x00000000c5c00000, 0x00000000c5d00000, 0x00000000c5d00000|100%|HS|  |TAMS 0x00000000c5c00000| PB 0x00000000c5c00000| Complete 
|  93|0x00000000c5d00000, 0x00000000c5e00000, 0x00000000c5e00000|100%| O|  |TAMS 0x00000000c5d00000| PB 0x00000000c5d00000| Untracked 
|  94|0x00000000c5e00000, 0x00000000c5f00000, 0x00000000c5f00000|100%|HS|  |TAMS 0x00000000c5e00000| PB 0x00000000c5e00000| Complete 
|  95|0x00000000c5f00000, 0x00000000c6000000, 0x00000000c6000000|100%|HC|  |TAMS 0x00000000c5f00000| PB 0x00000000c5f00000| Complete 
|  96|0x00000000c6000000, 0x00000000c6100000, 0x00000000c6100000|100%|HC|  |TAMS 0x00000000c6000000| PB 0x00000000c6000000| Complete 
|  97|0x00000000c6100000, 0x00000000c6200000, 0x00000000c6200000|100%|HS|  |TAMS 0x00000000c6100000| PB 0x00000000c6100000| Complete 
|  98|0x00000000c6200000, 0x00000000c6300000, 0x00000000c6300000|100%| O|  |TAMS 0x00000000c6200000| PB 0x00000000c6200000| Untracked 
|  99|0x00000000c6300000, 0x00000000c6400000, 0x00000000c6400000|100%|HS|  |TAMS 0x00000000c6300000| PB 0x00000000c6300000| Complete 
| 100|0x00000000c6400000, 0x00000000c6500000, 0x00000000c6500000|100%| O|  |TAMS 0x00000000c6400000| PB 0x00000000c6400000| Untracked 
| 101|0x00000000c6500000, 0x00000000c6600000, 0x00000000c6600000|100%| O|  |TAMS 0x00000000c6500000| PB 0x00000000c6500000| Untracked 
| 102|0x00000000c6600000, 0x00000000c6700000, 0x00000000c6700000|100%| O|  |TAMS 0x00000000c6600000| PB 0x00000000c6600000| Untracked 
| 103|0x00000000c6700000, 0x00000000c6800000, 0x00000000c6800000|100%| O|  |TAMS 0x00000000c6700000| PB 0x00000000c6700000| Untracked 
| 104|0x00000000c6800000, 0x00000000c6900000, 0x00000000c6900000|100%| O|  |TAMS 0x00000000c6800000| PB 0x00000000c6800000| Untracked 
| 105|0x00000000c6900000, 0x00000000c6a00000, 0x00000000c6a00000|100%|HS|  |TAMS 0x00000000c6900000| PB 0x00000000c6900000| Complete 
| 106|0x00000000c6a00000, 0x00000000c6b00000, 0x00000000c6b00000|100%|HS|  |TAMS 0x00000000c6a00000| PB 0x00000000c6a00000| Complete 
| 107|0x00000000c6b00000, 0x00000000c6c00000, 0x00000000c6c00000|100%|HC|  |TAMS 0x00000000c6b00000| PB 0x00000000c6b00000| Complete 
| 108|0x00000000c6c00000, 0x00000000c6d00000, 0x00000000c6d00000|100%|HC|  |TAMS 0x00000000c6c00000| PB 0x00000000c6c00000| Complete 
| 109|0x00000000c6d00000, 0x00000000c6e00000, 0x00000000c6e00000|100%| O|  |TAMS 0x00000000c6d00000| PB 0x00000000c6d00000| Untracked 
| 110|0x00000000c6e00000, 0x00000000c6f00000, 0x00000000c6f00000|100%| O|  |TAMS 0x00000000c6e00000| PB 0x00000000c6e00000| Untracked 
| 111|0x00000000c6f00000, 0x00000000c7000000, 0x00000000c7000000|100%| O|  |TAMS 0x00000000c6f00000| PB 0x00000000c6f00000| Untracked 
| 112|0x00000000c7000000, 0x00000000c7100000, 0x00000000c7100000|100%| O|  |TAMS 0x00000000c7000000| PB 0x00000000c7000000| Untracked 
| 113|0x00000000c7100000, 0x00000000c7200000, 0x00000000c7200000|100%| O|  |TAMS 0x00000000c7100000| PB 0x00000000c7100000| Untracked 
| 114|0x00000000c7200000, 0x00000000c7300000, 0x00000000c7300000|100%| O|  |TAMS 0x00000000c7200000| PB 0x00000000c7200000| Untracked 
| 115|0x00000000c7300000, 0x00000000c7400000, 0x00000000c7400000|100%| O|  |TAMS 0x00000000c7300000| PB 0x00000000c7300000| Untracked 
| 116|0x00000000c7400000, 0x00000000c7500000, 0x00000000c7500000|100%| O|  |TAMS 0x00000000c7400000| PB 0x00000000c7400000| Untracked 
| 117|0x00000000c7500000, 0x00000000c7600000, 0x00000000c7600000|100%| O|  |TAMS 0x00000000c7500000| PB 0x00000000c7500000| Untracked 
| 118|0x00000000c7600000, 0x00000000c7700000, 0x00000000c7700000|100%| O|  |TAMS 0x00000000c7600000| PB 0x00000000c7600000| Untracked 
| 119|0x00000000c7700000, 0x00000000c7800000, 0x00000000c7800000|100%|HS|  |TAMS 0x00000000c7700000| PB 0x00000000c7700000| Complete 
| 120|0x00000000c7800000, 0x00000000c7900000, 0x00000000c7900000|100%|HC|  |TAMS 0x00000000c7800000| PB 0x00000000c7800000| Complete 
| 121|0x00000000c7900000, 0x00000000c7a00000, 0x00000000c7a00000|100%| O|  |TAMS 0x00000000c7900000| PB 0x00000000c7900000| Untracked 
| 122|0x00000000c7a00000, 0x00000000c7b00000, 0x00000000c7b00000|100%| O|  |TAMS 0x00000000c7a00000| PB 0x00000000c7a00000| Untracked 
| 123|0x00000000c7b00000, 0x00000000c7c00000, 0x00000000c7c00000|100%| O|  |TAMS 0x00000000c7b00000| PB 0x00000000c7b00000| Untracked 
| 124|0x00000000c7c00000, 0x00000000c7d00000, 0x00000000c7d00000|100%| O|  |TAMS 0x00000000c7c00000| PB 0x00000000c7c00000| Untracked 
| 125|0x00000000c7d00000, 0x00000000c7e00000, 0x00000000c7e00000|100%| O|  |TAMS 0x00000000c7d00000| PB 0x00000000c7d00000| Untracked 
| 126|0x00000000c7e00000, 0x00000000c7f00000, 0x00000000c7f00000|100%| O|  |TAMS 0x00000000c7e00000| PB 0x00000000c7e00000| Untracked 
| 127|0x00000000c7f00000, 0x00000000c8000000, 0x00000000c8000000|100%| O|  |TAMS 0x00000000c7f00000| PB 0x00000000c7f00000| Untracked 
| 128|0x00000000c8000000, 0x00000000c8100000, 0x00000000c8100000|100%| O|  |TAMS 0x00000000c8000000| PB 0x00000000c8000000| Untracked 
| 129|0x00000000c8100000, 0x00000000c8200000, 0x00000000c8200000|100%| O|  |TAMS 0x00000000c8100000| PB 0x00000000c8100000| Untracked 
| 130|0x00000000c8200000, 0x00000000c8300000, 0x00000000c8300000|100%| O|  |TAMS 0x00000000c8200000| PB 0x00000000c8200000| Untracked 
| 131|0x00000000c8300000, 0x00000000c8400000, 0x00000000c8400000|100%| O|  |TAMS 0x00000000c8300000| PB 0x00000000c8300000| Untracked 
| 132|0x00000000c8400000, 0x00000000c8500000, 0x00000000c8500000|100%| O|  |TAMS 0x00000000c8400000| PB 0x00000000c8400000| Untracked 
| 133|0x00000000c8500000, 0x00000000c8600000, 0x00000000c8600000|100%| O|  |TAMS 0x00000000c8500000| PB 0x00000000c8500000| Untracked 
| 134|0x00000000c8600000, 0x00000000c8700000, 0x00000000c8700000|100%| O|  |TAMS 0x00000000c8600000| PB 0x00000000c8600000| Untracked 
| 135|0x00000000c8700000, 0x00000000c8800000, 0x00000000c8800000|100%| O|  |TAMS 0x00000000c8700000| PB 0x00000000c8700000| Untracked 
| 136|0x00000000c8800000, 0x00000000c8900000, 0x00000000c8900000|100%| O|  |TAMS 0x00000000c8800000| PB 0x00000000c8800000| Untracked 
| 137|0x00000000c8900000, 0x00000000c8a00000, 0x00000000c8a00000|100%| O|  |TAMS 0x00000000c8900000| PB 0x00000000c8900000| Untracked 
| 138|0x00000000c8a00000, 0x00000000c8b00000, 0x00000000c8b00000|100%| O|  |TAMS 0x00000000c8a00000| PB 0x00000000c8a00000| Untracked 
| 139|0x00000000c8b00000, 0x00000000c8c00000, 0x00000000c8c00000|100%| O|  |TAMS 0x00000000c8b00000| PB 0x00000000c8b00000| Untracked 
| 140|0x00000000c8c00000, 0x00000000c8c00000, 0x00000000c8d00000|  0%| F|  |TAMS 0x00000000c8c00000| PB 0x00000000c8c00000| Untracked 
| 141|0x00000000c8d00000, 0x00000000c8e00000, 0x00000000c8e00000|100%| O|  |TAMS 0x00000000c8d00000| PB 0x00000000c8d00000| Untracked 
| 142|0x00000000c8e00000, 0x00000000c8f00000, 0x00000000c8f00000|100%| O|  |TAMS 0x00000000c8e00000| PB 0x00000000c8e00000| Untracked 
| 143|0x00000000c8f00000, 0x00000000c8f8a450, 0x00000000c9000000| 54%| O|  |TAMS 0x00000000c8f00000| PB 0x00000000c8f00000| Untracked 
| 144|0x00000000c9000000, 0x00000000c9100000, 0x00000000c9100000|100%| O|  |TAMS 0x00000000c9000000| PB 0x00000000c9000000| Untracked 
| 145|0x00000000c9100000, 0x00000000c9100000, 0x00000000c9200000|  0%| F|  |TAMS 0x00000000c9100000| PB 0x00000000c9100000| Untracked 
| 146|0x00000000c9200000, 0x00000000c9300000, 0x00000000c9300000|100%| O|  |TAMS 0x00000000c9200000| PB 0x00000000c9200000| Untracked 
| 147|0x00000000c9300000, 0x00000000c9300000, 0x00000000c9400000|  0%| F|  |TAMS 0x00000000c9300000| PB 0x00000000c9300000| Untracked 
| 148|0x00000000c9400000, 0x00000000c9500000, 0x00000000c9500000|100%| O|  |TAMS 0x00000000c9400000| PB 0x00000000c9400000| Untracked 
| 149|0x00000000c9500000, 0x00000000c9600000, 0x00000000c9600000|100%| O|  |TAMS 0x00000000c9500000| PB 0x00000000c9500000| Untracked 
| 150|0x00000000c9600000, 0x00000000c9700000, 0x00000000c9700000|100%| O|  |TAMS 0x00000000c9600000| PB 0x00000000c9600000| Untracked 
| 151|0x00000000c9700000, 0x00000000c9700000, 0x00000000c9800000|  0%| F|  |TAMS 0x00000000c9700000| PB 0x00000000c9700000| Untracked 
| 152|0x00000000c9800000, 0x00000000c9800000, 0x00000000c9900000|  0%| F|  |TAMS 0x00000000c9800000| PB 0x00000000c9800000| Untracked 
| 153|0x00000000c9900000, 0x00000000c9a00000, 0x00000000c9a00000|100%| O|  |TAMS 0x00000000c9900000| PB 0x00000000c9900000| Untracked 
| 154|0x00000000c9a00000, 0x00000000c9b00000, 0x00000000c9b00000|100%| O|  |TAMS 0x00000000c9a00000| PB 0x00000000c9a00000| Untracked 
| 155|0x00000000c9b00000, 0x00000000c9c00000, 0x00000000c9c00000|100%| O|  |TAMS 0x00000000c9b00000| PB 0x00000000c9b00000| Untracked 
| 156|0x00000000c9c00000, 0x00000000c9d00000, 0x00000000c9d00000|100%| O|  |TAMS 0x00000000c9c00000| PB 0x00000000c9c00000| Untracked 
| 157|0x00000000c9d00000, 0x00000000c9e00000, 0x00000000c9e00000|100%| O|  |TAMS 0x00000000c9d00000| PB 0x00000000c9d00000| Untracked 
| 158|0x00000000c9e00000, 0x00000000c9f00000, 0x00000000c9f00000|100%| O|  |TAMS 0x00000000c9e00000| PB 0x00000000c9e00000| Untracked 
| 159|0x00000000c9f00000, 0x00000000ca000000, 0x00000000ca000000|100%| O|  |TAMS 0x00000000c9f00000| PB 0x00000000c9f00000| Untracked 
| 160|0x00000000ca000000, 0x00000000ca000000, 0x00000000ca100000|  0%| F|  |TAMS 0x00000000ca000000| PB 0x00000000ca000000| Untracked 
| 161|0x00000000ca100000, 0x00000000ca17f680, 0x00000000ca200000| 49%| S|CS|TAMS 0x00000000ca100000| PB 0x00000000ca100000| Complete 
| 162|0x00000000ca200000, 0x00000000ca300000, 0x00000000ca300000|100%| S|CS|TAMS 0x00000000ca200000| PB 0x00000000ca200000| Complete 
| 163|0x00000000ca300000, 0x00000000ca400000, 0x00000000ca400000|100%| S|CS|TAMS 0x00000000ca300000| PB 0x00000000ca300000| Complete 
| 164|0x00000000ca400000, 0x00000000ca500000, 0x00000000ca500000|100%| S|CS|TAMS 0x00000000ca400000| PB 0x00000000ca400000| Complete 
| 165|0x00000000ca500000, 0x00000000ca600000, 0x00000000ca600000|100%| S|CS|TAMS 0x00000000ca500000| PB 0x00000000ca500000| Complete 
| 166|0x00000000ca600000, 0x00000000ca700000, 0x00000000ca700000|100%| S|CS|TAMS 0x00000000ca600000| PB 0x00000000ca600000| Complete 
| 167|0x00000000ca700000, 0x00000000ca800000, 0x00000000ca800000|100%| S|CS|TAMS 0x00000000ca700000| PB 0x00000000ca700000| Complete 
| 168|0x00000000ca800000, 0x00000000ca900000, 0x00000000ca900000|100%| S|CS|TAMS 0x00000000ca800000| PB 0x00000000ca800000| Complete 
| 169|0x00000000ca900000, 0x00000000caa00000, 0x00000000caa00000|100%| S|CS|TAMS 0x00000000ca900000| PB 0x00000000ca900000| Complete 
| 170|0x00000000caa00000, 0x00000000caa00000, 0x00000000cab00000|  0%| F|  |TAMS 0x00000000caa00000| PB 0x00000000caa00000| Untracked 
| 171|0x00000000cab00000, 0x00000000cab00000, 0x00000000cac00000|  0%| F|  |TAMS 0x00000000cab00000| PB 0x00000000cab00000| Untracked 
| 172|0x00000000cac00000, 0x00000000cac00000, 0x00000000cad00000|  0%| F|  |TAMS 0x00000000cac00000| PB 0x00000000cac00000| Untracked 
| 173|0x00000000cad00000, 0x00000000cad00000, 0x00000000cae00000|  0%| F|  |TAMS 0x00000000cad00000| PB 0x00000000cad00000| Untracked 
| 174|0x00000000cae00000, 0x00000000cae00000, 0x00000000caf00000|  0%| F|  |TAMS 0x00000000cae00000| PB 0x00000000cae00000| Untracked 
| 175|0x00000000caf00000, 0x00000000caf00000, 0x00000000cb000000|  0%| F|  |TAMS 0x00000000caf00000| PB 0x00000000caf00000| Untracked 
| 176|0x00000000cb000000, 0x00000000cb000000, 0x00000000cb100000|  0%| F|  |TAMS 0x00000000cb000000| PB 0x00000000cb000000| Untracked 
| 177|0x00000000cb100000, 0x00000000cb100000, 0x00000000cb200000|  0%| F|  |TAMS 0x00000000cb100000| PB 0x00000000cb100000| Untracked 
| 178|0x00000000cb200000, 0x00000000cb200000, 0x00000000cb300000|  0%| F|  |TAMS 0x00000000cb200000| PB 0x00000000cb200000| Untracked 
| 179|0x00000000cb300000, 0x00000000cb300000, 0x00000000cb400000|  0%| F|  |TAMS 0x00000000cb300000| PB 0x00000000cb300000| Untracked 
| 180|0x00000000cb400000, 0x00000000cb400000, 0x00000000cb500000|  0%| F|  |TAMS 0x00000000cb400000| PB 0x00000000cb400000| Untracked 
| 181|0x00000000cb500000, 0x00000000cb500000, 0x00000000cb600000|  0%| F|  |TAMS 0x00000000cb500000| PB 0x00000000cb500000| Untracked 
| 182|0x00000000cb600000, 0x00000000cb600000, 0x00000000cb700000|  0%| F|  |TAMS 0x00000000cb600000| PB 0x00000000cb600000| Untracked 
| 183|0x00000000cb700000, 0x00000000cb700000, 0x00000000cb800000|  0%| F|  |TAMS 0x00000000cb700000| PB 0x00000000cb700000| Untracked 
| 184|0x00000000cb800000, 0x00000000cb800000, 0x00000000cb900000|  0%| F|  |TAMS 0x00000000cb800000| PB 0x00000000cb800000| Untracked 
| 185|0x00000000cb900000, 0x00000000cb900000, 0x00000000cba00000|  0%| F|  |TAMS 0x00000000cb900000| PB 0x00000000cb900000| Untracked 
| 186|0x00000000cba00000, 0x00000000cba00000, 0x00000000cbb00000|  0%| F|  |TAMS 0x00000000cba00000| PB 0x00000000cba00000| Untracked 
| 187|0x00000000cbb00000, 0x00000000cbb00000, 0x00000000cbc00000|  0%| F|  |TAMS 0x00000000cbb00000| PB 0x00000000cbb00000| Untracked 
| 188|0x00000000cbc00000, 0x00000000cbc00000, 0x00000000cbd00000|  0%| F|  |TAMS 0x00000000cbc00000| PB 0x00000000cbc00000| Untracked 
| 189|0x00000000cbd00000, 0x00000000cbd00000, 0x00000000cbe00000|  0%| F|  |TAMS 0x00000000cbd00000| PB 0x00000000cbd00000| Untracked 
| 190|0x00000000cbe00000, 0x00000000cbe00000, 0x00000000cbf00000|  0%| F|  |TAMS 0x00000000cbe00000| PB 0x00000000cbe00000| Untracked 
| 191|0x00000000cbf00000, 0x00000000cbf00000, 0x00000000cc000000|  0%| F|  |TAMS 0x00000000cbf00000| PB 0x00000000cbf00000| Untracked 
| 192|0x00000000cc000000, 0x00000000cc000000, 0x00000000cc100000|  0%| F|  |TAMS 0x00000000cc000000| PB 0x00000000cc000000| Untracked 
| 193|0x00000000cc100000, 0x00000000cc100000, 0x00000000cc200000|  0%| F|  |TAMS 0x00000000cc100000| PB 0x00000000cc100000| Untracked 
| 194|0x00000000cc200000, 0x00000000cc200000, 0x00000000cc300000|  0%| F|  |TAMS 0x00000000cc200000| PB 0x00000000cc200000| Untracked 
| 195|0x00000000cc300000, 0x00000000cc300000, 0x00000000cc400000|  0%| F|  |TAMS 0x00000000cc300000| PB 0x00000000cc300000| Untracked 
| 196|0x00000000cc400000, 0x00000000cc400000, 0x00000000cc500000|  0%| F|  |TAMS 0x00000000cc400000| PB 0x00000000cc400000| Untracked 
| 197|0x00000000cc500000, 0x00000000cc500000, 0x00000000cc600000|  0%| F|  |TAMS 0x00000000cc500000| PB 0x00000000cc500000| Untracked 
| 198|0x00000000cc600000, 0x00000000cc600000, 0x00000000cc700000|  0%| F|  |TAMS 0x00000000cc600000| PB 0x00000000cc600000| Untracked 
| 199|0x00000000cc700000, 0x00000000cc700000, 0x00000000cc800000|  0%| F|  |TAMS 0x00000000cc700000| PB 0x00000000cc700000| Untracked 
| 200|0x00000000cc800000, 0x00000000cc800000, 0x00000000cc900000|  0%| F|  |TAMS 0x00000000cc800000| PB 0x00000000cc800000| Untracked 
| 201|0x00000000cc900000, 0x00000000cc900000, 0x00000000cca00000|  0%| F|  |TAMS 0x00000000cc900000| PB 0x00000000cc900000| Untracked 
| 202|0x00000000cca00000, 0x00000000cca00000, 0x00000000ccb00000|  0%| F|  |TAMS 0x00000000cca00000| PB 0x00000000cca00000| Untracked 
| 203|0x00000000ccb00000, 0x00000000ccb00000, 0x00000000ccc00000|  0%| F|  |TAMS 0x00000000ccb00000| PB 0x00000000ccb00000| Untracked 
| 204|0x00000000ccc00000, 0x00000000ccc00000, 0x00000000ccd00000|  0%| F|  |TAMS 0x00000000ccc00000| PB 0x00000000ccc00000| Untracked 
| 205|0x00000000ccd00000, 0x00000000ccd00000, 0x00000000cce00000|  0%| F|  |TAMS 0x00000000ccd00000| PB 0x00000000ccd00000| Untracked 
| 206|0x00000000cce00000, 0x00000000cce00000, 0x00000000ccf00000|  0%| F|  |TAMS 0x00000000cce00000| PB 0x00000000cce00000| Untracked 
| 207|0x00000000ccf00000, 0x00000000ccf00000, 0x00000000cd000000|  0%| F|  |TAMS 0x00000000ccf00000| PB 0x00000000ccf00000| Untracked 
| 208|0x00000000cd000000, 0x00000000cd000000, 0x00000000cd100000|  0%| F|  |TAMS 0x00000000cd000000| PB 0x00000000cd000000| Untracked 
| 209|0x00000000cd100000, 0x00000000cd100000, 0x00000000cd200000|  0%| F|  |TAMS 0x00000000cd100000| PB 0x00000000cd100000| Untracked 
| 210|0x00000000cd200000, 0x00000000cd200000, 0x00000000cd300000|  0%| F|  |TAMS 0x00000000cd200000| PB 0x00000000cd200000| Untracked 
| 211|0x00000000cd300000, 0x00000000cd300000, 0x00000000cd400000|  0%| F|  |TAMS 0x00000000cd300000| PB 0x00000000cd300000| Untracked 
| 212|0x00000000cd400000, 0x00000000cd400000, 0x00000000cd500000|  0%| F|  |TAMS 0x00000000cd400000| PB 0x00000000cd400000| Untracked 
| 213|0x00000000cd500000, 0x00000000cd500000, 0x00000000cd600000|  0%| F|  |TAMS 0x00000000cd500000| PB 0x00000000cd500000| Untracked 
| 214|0x00000000cd600000, 0x00000000cd600000, 0x00000000cd700000|  0%| F|  |TAMS 0x00000000cd600000| PB 0x00000000cd600000| Untracked 
| 215|0x00000000cd700000, 0x00000000cd700000, 0x00000000cd800000|  0%| F|  |TAMS 0x00000000cd700000| PB 0x00000000cd700000| Untracked 
| 216|0x00000000cd800000, 0x00000000cd800000, 0x00000000cd900000|  0%| F|  |TAMS 0x00000000cd800000| PB 0x00000000cd800000| Untracked 
| 217|0x00000000cd900000, 0x00000000cd900000, 0x00000000cda00000|  0%| F|  |TAMS 0x00000000cd900000| PB 0x00000000cd900000| Untracked 
| 218|0x00000000cda00000, 0x00000000cda00000, 0x00000000cdb00000|  0%| F|  |TAMS 0x00000000cda00000| PB 0x00000000cda00000| Untracked 
| 219|0x00000000cdb00000, 0x00000000cdb00000, 0x00000000cdc00000|  0%| F|  |TAMS 0x00000000cdb00000| PB 0x00000000cdb00000| Untracked 
| 220|0x00000000cdc00000, 0x00000000cdc00000, 0x00000000cdd00000|  0%| F|  |TAMS 0x00000000cdc00000| PB 0x00000000cdc00000| Untracked 
| 221|0x00000000cdd00000, 0x00000000cdd00000, 0x00000000cde00000|  0%| F|  |TAMS 0x00000000cdd00000| PB 0x00000000cdd00000| Untracked 
| 222|0x00000000cde00000, 0x00000000cde00000, 0x00000000cdf00000|  0%| F|  |TAMS 0x00000000cde00000| PB 0x00000000cde00000| Untracked 
| 223|0x00000000cdf00000, 0x00000000cdf00000, 0x00000000ce000000|  0%| F|  |TAMS 0x00000000cdf00000| PB 0x00000000cdf00000| Untracked 
| 224|0x00000000ce000000, 0x00000000ce000000, 0x00000000ce100000|  0%| F|  |TAMS 0x00000000ce000000| PB 0x00000000ce000000| Untracked 
| 225|0x00000000ce100000, 0x00000000ce100000, 0x00000000ce200000|  0%| F|  |TAMS 0x00000000ce100000| PB 0x00000000ce100000| Untracked 
| 226|0x00000000ce200000, 0x00000000ce200000, 0x00000000ce300000|  0%| F|  |TAMS 0x00000000ce200000| PB 0x00000000ce200000| Untracked 
| 227|0x00000000ce300000, 0x00000000ce37b488, 0x00000000ce400000| 48%| E|  |TAMS 0x00000000ce300000| PB 0x00000000ce300000| Complete 
| 228|0x00000000ce400000, 0x00000000ce500000, 0x00000000ce500000|100%| E|CS|TAMS 0x00000000ce400000| PB 0x00000000ce400000| Complete 
| 229|0x00000000ce500000, 0x00000000ce600000, 0x00000000ce600000|100%| E|CS|TAMS 0x00000000ce500000| PB 0x00000000ce500000| Complete 
| 230|0x00000000ce600000, 0x00000000ce700000, 0x00000000ce700000|100%| E|CS|TAMS 0x00000000ce600000| PB 0x00000000ce600000| Complete 
| 231|0x00000000ce700000, 0x00000000ce800000, 0x00000000ce800000|100%| E|CS|TAMS 0x00000000ce700000| PB 0x00000000ce700000| Complete 
| 232|0x00000000ce800000, 0x00000000ce900000, 0x00000000ce900000|100%| E|CS|TAMS 0x00000000ce800000| PB 0x00000000ce800000| Complete 
| 233|0x00000000ce900000, 0x00000000cea00000, 0x00000000cea00000|100%| E|CS|TAMS 0x00000000ce900000| PB 0x00000000ce900000| Complete 
| 234|0x00000000cea00000, 0x00000000ceb00000, 0x00000000ceb00000|100%| E|CS|TAMS 0x00000000cea00000| PB 0x00000000cea00000| Complete 
| 235|0x00000000ceb00000, 0x00000000cec00000, 0x00000000cec00000|100%| E|CS|TAMS 0x00000000ceb00000| PB 0x00000000ceb00000| Complete 
| 236|0x00000000cec00000, 0x00000000ced00000, 0x00000000ced00000|100%| E|CS|TAMS 0x00000000cec00000| PB 0x00000000cec00000| Complete 
| 237|0x00000000ced00000, 0x00000000cee00000, 0x00000000cee00000|100%| E|CS|TAMS 0x00000000ced00000| PB 0x00000000ced00000| Complete 
| 238|0x00000000cee00000, 0x00000000cef00000, 0x00000000cef00000|100%| E|CS|TAMS 0x00000000cee00000| PB 0x00000000cee00000| Complete 
| 239|0x00000000cef00000, 0x00000000cf000000, 0x00000000cf000000|100%| E|CS|TAMS 0x00000000cef00000| PB 0x00000000cef00000| Complete 
| 240|0x00000000cf000000, 0x00000000cf100000, 0x00000000cf100000|100%| E|CS|TAMS 0x00000000cf000000| PB 0x00000000cf000000| Complete 
| 241|0x00000000cf100000, 0x00000000cf200000, 0x00000000cf200000|100%| E|CS|TAMS 0x00000000cf100000| PB 0x00000000cf100000| Complete 
| 242|0x00000000cf200000, 0x00000000cf300000, 0x00000000cf300000|100%| E|CS|TAMS 0x00000000cf200000| PB 0x00000000cf200000| Complete 
| 243|0x00000000cf300000, 0x00000000cf400000, 0x00000000cf400000|100%| E|CS|TAMS 0x00000000cf300000| PB 0x00000000cf300000| Complete 
| 244|0x00000000cf400000, 0x00000000cf500000, 0x00000000cf500000|100%| E|CS|TAMS 0x00000000cf400000| PB 0x00000000cf400000| Complete 
| 245|0x00000000cf500000, 0x00000000cf600000, 0x00000000cf600000|100%| E|CS|TAMS 0x00000000cf500000| PB 0x00000000cf500000| Complete 
| 246|0x00000000cf600000, 0x00000000cf700000, 0x00000000cf700000|100%| E|CS|TAMS 0x00000000cf600000| PB 0x00000000cf600000| Complete 
| 247|0x00000000cf700000, 0x00000000cf800000, 0x00000000cf800000|100%| E|CS|TAMS 0x00000000cf700000| PB 0x00000000cf700000| Complete 
| 248|0x00000000cf800000, 0x00000000cf900000, 0x00000000cf900000|100%| E|CS|TAMS 0x00000000cf800000| PB 0x00000000cf800000| Complete 
| 249|0x00000000cf900000, 0x00000000cfa00000, 0x00000000cfa00000|100%| E|CS|TAMS 0x00000000cf900000| PB 0x00000000cf900000| Complete 
| 250|0x00000000cfa00000, 0x00000000cfb00000, 0x00000000cfb00000|100%| E|CS|TAMS 0x00000000cfa00000| PB 0x00000000cfa00000| Complete 
| 251|0x00000000cfb00000, 0x00000000cfc00000, 0x00000000cfc00000|100%| E|CS|TAMS 0x00000000cfb00000| PB 0x00000000cfb00000| Complete 
| 252|0x00000000cfc00000, 0x00000000cfd00000, 0x00000000cfd00000|100%| E|CS|TAMS 0x00000000cfc00000| PB 0x00000000cfc00000| Complete 
| 253|0x00000000cfd00000, 0x00000000cfe00000, 0x00000000cfe00000|100%| E|CS|TAMS 0x00000000cfd00000| PB 0x00000000cfd00000| Complete 
| 254|0x00000000cfe00000, 0x00000000cff00000, 0x00000000cff00000|100%| E|CS|TAMS 0x00000000cfe00000| PB 0x00000000cfe00000| Complete 
| 255|0x00000000cff00000, 0x00000000d0000000, 0x00000000d0000000|100%| E|CS|TAMS 0x00000000cff00000| PB 0x00000000cff00000| Complete 
| 256|0x00000000d0000000, 0x00000000d0100000, 0x00000000d0100000|100%| E|CS|TAMS 0x00000000d0000000| PB 0x00000000d0000000| Complete 
| 257|0x00000000d0100000, 0x00000000d0200000, 0x00000000d0200000|100%| E|CS|TAMS 0x00000000d0100000| PB 0x00000000d0100000| Complete 
| 258|0x00000000d0200000, 0x00000000d0300000, 0x00000000d0300000|100%| E|CS|TAMS 0x00000000d0200000| PB 0x00000000d0200000| Complete 
| 259|0x00000000d0300000, 0x00000000d0400000, 0x00000000d0400000|100%| E|CS|TAMS 0x00000000d0300000| PB 0x00000000d0300000| Complete 
| 260|0x00000000d0400000, 0x00000000d0500000, 0x00000000d0500000|100%| E|CS|TAMS 0x00000000d0400000| PB 0x00000000d0400000| Complete 
| 261|0x00000000d0500000, 0x00000000d0600000, 0x00000000d0600000|100%| E|CS|TAMS 0x00000000d0500000| PB 0x00000000d0500000| Complete 
| 262|0x00000000d0600000, 0x00000000d0700000, 0x00000000d0700000|100%| E|CS|TAMS 0x00000000d0600000| PB 0x00000000d0600000| Complete 
| 263|0x00000000d0700000, 0x00000000d0800000, 0x00000000d0800000|100%| E|CS|TAMS 0x00000000d0700000| PB 0x00000000d0700000| Complete 
| 264|0x00000000d0800000, 0x00000000d0900000, 0x00000000d0900000|100%| E|CS|TAMS 0x00000000d0800000| PB 0x00000000d0800000| Complete 
| 265|0x00000000d0900000, 0x00000000d0a00000, 0x00000000d0a00000|100%| E|CS|TAMS 0x00000000d0900000| PB 0x00000000d0900000| Complete 
| 266|0x00000000d0a00000, 0x00000000d0b00000, 0x00000000d0b00000|100%| E|CS|TAMS 0x00000000d0a00000| PB 0x00000000d0a00000| Complete 
| 267|0x00000000d0b00000, 0x00000000d0c00000, 0x00000000d0c00000|100%| E|CS|TAMS 0x00000000d0b00000| PB 0x00000000d0b00000| Complete 
|1017|0x00000000ff900000, 0x00000000ffa00000, 0x00000000ffa00000|100%| E|CS|TAMS 0x00000000ff900000| PB 0x00000000ff900000| Complete 
|1018|0x00000000ffa00000, 0x00000000ffb00000, 0x00000000ffb00000|100%| E|CS|TAMS 0x00000000ffa00000| PB 0x00000000ffa00000| Complete 
|1019|0x00000000ffb00000, 0x00000000ffc00000, 0x00000000ffc00000|100%| E|CS|TAMS 0x00000000ffb00000| PB 0x00000000ffb00000| Complete 
|1020|0x00000000ffc00000, 0x00000000ffd00000, 0x00000000ffd00000|100%| O|  |TAMS 0x00000000ffc00000| PB 0x00000000ffc00000| Untracked 
|1021|0x00000000ffd00000, 0x00000000ffe00000, 0x00000000ffe00000|100%| O|  |TAMS 0x00000000ffd00000| PB 0x00000000ffd00000| Untracked 
|1022|0x00000000ffe00000, 0x00000000fff00000, 0x00000000fff00000|100%| E|CS|TAMS 0x00000000ffe00000| PB 0x00000000ffe00000| Complete 
|1023|0x00000000fff00000, 0x0000000100000000, 0x0000000100000000|100%| O|  |TAMS 0x00000000fff00000| PB 0x00000000fff00000| Untracked 

Card table byte_map: [0x000001a9c17b0000,0x000001a9c19b0000] _byte_map_base: 0x000001a9c11b0000

Marking Bits: (CMBitMap*) 0x000001a9af155b50
 Bits: [0x000001a9c19b0000, 0x000001a9c29b0000)

Polling page: 0x000001a9ae760000

Metaspace:

Usage:
  Non-class:    115.38 MB used.
      Class:     18.61 MB used.
       Both:    133.98 MB used.

Virtual space:
  Non-class space:      128.00 MB reserved,     116.62 MB ( 91%) committed,  2 nodes.
      Class space:      208.00 MB reserved,      19.75 MB (  9%) committed,  1 nodes.
             Both:      336.00 MB reserved,     136.38 MB ( 41%) committed. 

Chunk freelists:
   Non-Class:  11.30 MB
       Class:  12.27 MB
        Both:  23.56 MB

MaxMetaspaceSize: 256.00 MB
CompressedClassSpaceSize: 208.00 MB
Initial GC threshold: 21.00 MB
Current GC threshold: 224.50 MB
CDS: off
 - commit_granule_bytes: 65536.
 - commit_granule_words: 8192.
 - virtual_space_node_default_size: 8388608.
 - enlarge_chunks_in_place: 1.
 - use_allocation_guard: 0.


Internal statistics:

num_allocs_failed_limit: 6.
num_arena_births: 4870.
num_arena_deaths: 0.
num_vsnodes_births: 3.
num_vsnodes_deaths: 0.
num_space_committed: 2181.
num_space_uncommitted: 0.
num_chunks_returned_to_freelist: 6.
num_chunks_taken_from_freelist: 10751.
num_chunk_merges: 3.
num_chunk_splits: 7022.
num_chunks_enlarged: 4374.
num_inconsistent_stats: 0.

CodeHeap 'non-profiled nmethods': size=120000Kb used=8287Kb max_used=8287Kb free=111712Kb
 bounds [0x000001a9b9d50000, 0x000001a9ba570000, 0x000001a9c1280000]
CodeHeap 'profiled nmethods': size=120000Kb used=24078Kb max_used=24078Kb free=95921Kb
 bounds [0x000001a9b2280000, 0x000001a9b3a10000, 0x000001a9b97b0000]
CodeHeap 'non-nmethods': size=5760Kb used=2163Kb max_used=2216Kb free=3596Kb
 bounds [0x000001a9b97b0000, 0x000001a9b9a20000, 0x000001a9b9d50000]
CodeCache: size=245760Kb, used=34528Kb, max_used=34581Kb, free=211229Kb
 total_blobs=13737, nmethods=12731, adapters=907, full_count=0
Compilation: enabled, stopped_count=0, restarted_count=0

Compilation events (20 events):
Event: 41.868 Thread 0x000001a9c55cde10 15384       3       kotlin.reflect.jvm.internal.impl.protobuf.FieldSet::getSerializedSize (109 bytes)
Event: 41.868 Thread 0x000001a9c55cde10 nmethod 15384 0x000001a9b39e1a10 code [0x000001a9b39e1d20, 0x000001a9b39e2fc0]
Event: 41.868 Thread 0x000001a9c55cde10 15383       3       kotlin.reflect.jvm.internal.impl.name.FqNameUnsafe::equals (37 bytes)
Event: 41.868 Thread 0x000001a9c55cde10 nmethod 15383 0x000001a9b39e3510 code [0x000001a9b39e3700, 0x000001a9b39e3c20]
Event: 41.873 Thread 0x000001a9c55c46c0 nmethod 15284 0x000001a9ba566190 code [0x000001a9ba566340, 0x000001a9ba566b70]
Event: 41.873 Thread 0x000001a9c55c46c0 15285       4       org.gradle.tooling.internal.adapter.ProtocolToModelAdapter$SupportedPropertyInvoker::invoke (154 bytes)
Event: 41.908 Thread 0x000001a9c55cde10 15385       3       sun.net.www.ParseUtil::encodePath (41 bytes)
Event: 41.908 Thread 0x000001a9c55cde10 nmethod 15385 0x000001a9b39e3d90 code [0x000001a9b39e3f60, 0x000001a9b39e41c0]
Event: 41.922 Thread 0x000001a9c55cde10 15386       1       org.gradle.api.internal.provider.ValueSupplier$Missing::isMissing (2 bytes)
Event: 41.922 Thread 0x000001a9c55cde10 nmethod 15386 0x000001a9ba566c10 code [0x000001a9ba566da0, 0x000001a9ba566e68]
Event: 41.929 Thread 0x000001a9c55cde10 15387       3       org.gradle.api.internal.collections.DefaultCollectionEventRegister$FilteredEventRegister::getDecorator (10 bytes)
Event: 41.930 Thread 0x000001a9c55cde10 nmethod 15387 0x000001a9b39e4290 code [0x000001a9b39e4440, 0x000001a9b39e4610]
Event: 41.932 Thread 0x000001a9c55cde10 15388       1       org.gradle.internal.component.local.model.LocalComponentGraphResolveMetadata::getAttributesSchema (5 bytes)
Event: 41.932 Thread 0x000001a9c55cde10 nmethod 15388 0x000001a9ba566f10 code [0x000001a9ba5670a0, 0x000001a9ba567168]
Event: 41.932 Thread 0x000001a9c55cde10 15390       3       java.net.URI$Parser::parseHostname (224 bytes)
Event: 41.934 Thread 0x000001a9c55cde10 nmethod 15390 0x000001a9b39e4710 code [0x000001a9b39e4b80, 0x000001a9b39e6b88]
Event: 41.934 Thread 0x000001a9c55cde10 15389       3       java.net.URI$Parser::scanIPv4Address (225 bytes)
Event: 41.935 Thread 0x000001a9c55cde10 nmethod 15389 0x000001a9b39e7910 code [0x000001a9b39e7c80, 0x000001a9b39e9300]
Event: 41.935 Thread 0x000001a9c55cde10 15391       3       org.gradle.api.internal.artifacts.ivyservice.ivyresolve.ErrorHandlingModuleComponentRepository::getId (10 bytes)
Event: 41.935 Thread 0x000001a9c55cde10 nmethod 15391 0x000001a9b39e9b10 code [0x000001a9b39e9cc0, 0x000001a9b39e9e90]

GC Heap History (20 events):
Event: 32.242 GC heap before
{Heap before GC invocations=60 (full 0):
 garbage-first heap   total 239616K, used 221803K [0x00000000c0000000, 0x0000000100000000)
  region size 1024K, 79 young (80896K), 7 survivors (7168K)
 Metaspace       used 113827K, committed 116224K, reserved 344064K
  class space    used 16167K, committed 17344K, reserved 212992K
}
Event: 32.251 GC heap after
{Heap after GC invocations=61 (full 0):
 garbage-first heap   total 239616K, used 150680K [0x00000000c0000000, 0x0000000100000000)
  region size 1024K, 8 young (8192K), 8 survivors (8192K)
 Metaspace       used 113827K, committed 116224K, reserved 344064K
  class space    used 16167K, committed 17344K, reserved 212992K
}
Event: 32.781 GC heap before
{Heap before GC invocations=61 (full 0):
 garbage-first heap   total 239616K, used 175256K [0x00000000c0000000, 0x0000000100000000)
  region size 1024K, 34 young (34816K), 8 survivors (8192K)
 Metaspace       used 114395K, committed 116736K, reserved 344064K
  class space    used 16227K, committed 17408K, reserved 212992K
}
Event: 32.785 GC heap after
{Heap after GC invocations=62 (full 0):
 garbage-first heap   total 239616K, used 152251K [0x00000000c0000000, 0x0000000100000000)
  region size 1024K, 3 young (3072K), 3 survivors (3072K)
 Metaspace       used 114395K, committed 116736K, reserved 344064K
  class space    used 16227K, committed 17408K, reserved 212992K
}
Event: 34.483 GC heap before
{Heap before GC invocations=63 (full 0):
 garbage-first heap   total 260096K, used 224955K [0x00000000c0000000, 0x0000000100000000)
  region size 1024K, 72 young (73728K), 3 survivors (3072K)
 Metaspace       used 121646K, committed 124032K, reserved 344064K
  class space    used 17183K, committed 18368K, reserved 212992K
}
Event: 34.488 GC heap after
{Heap after GC invocations=64 (full 0):
 garbage-first heap   total 260096K, used 153524K [0x00000000c0000000, 0x0000000100000000)
  region size 1024K, 4 young (4096K), 4 survivors (4096K)
 Metaspace       used 121646K, committed 124032K, reserved 344064K
  class space    used 17183K, committed 18368K, reserved 212992K
}
Event: 36.056 GC heap before
{Heap before GC invocations=64 (full 0):
 garbage-first heap   total 260096K, used 246708K [0x00000000c0000000, 0x0000000100000000)
  region size 1024K, 90 young (92160K), 4 survivors (4096K)
 Metaspace       used 129142K, committed 131584K, reserved 344064K
  class space    used 18032K, committed 19200K, reserved 212992K
}
Event: 36.064 GC heap after
{Heap after GC invocations=65 (full 0):
 garbage-first heap   total 260096K, used 157149K [0x00000000c0000000, 0x0000000100000000)
  region size 1024K, 8 young (8192K), 8 survivors (8192K)
 Metaspace       used 129142K, committed 131584K, reserved 344064K
  class space    used 18032K, committed 19200K, reserved 212992K
}
Event: 37.119 GC heap before
{Heap before GC invocations=65 (full 0):
 garbage-first heap   total 260096K, used 244189K [0x00000000c0000000, 0x0000000100000000)
  region size 1024K, 93 young (95232K), 8 survivors (8192K)
 Metaspace       used 129873K, committed 132352K, reserved 344064K
  class space    used 18097K, committed 19328K, reserved 212992K
}
Event: 37.131 GC heap after
{Heap after GC invocations=66 (full 0):
 garbage-first heap   total 260096K, used 163679K [0x00000000c0000000, 0x0000000100000000)
  region size 1024K, 11 young (11264K), 11 survivors (11264K)
 Metaspace       used 129873K, committed 132352K, reserved 344064K
  class space    used 18097K, committed 19328K, reserved 212992K
}
Event: 37.945 GC heap before
{Heap before GC invocations=67 (full 0):
 garbage-first heap   total 273408K, used 243551K [0x00000000c0000000, 0x0000000100000000)
  region size 1024K, 90 young (92160K), 11 survivors (11264K)
 Metaspace       used 129879K, committed 132352K, reserved 344064K
  class space    used 18099K, committed 19328K, reserved 212992K
}
Event: 37.953 GC heap after
{Heap after GC invocations=68 (full 0):
 garbage-first heap   total 273408K, used 165096K [0x00000000c0000000, 0x0000000100000000)
  region size 1024K, 4 young (4096K), 4 survivors (4096K)
 Metaspace       used 129879K, committed 132352K, reserved 344064K
  class space    used 18099K, committed 19328K, reserved 212992K
}
Event: 38.144 GC heap before
{Heap before GC invocations=68 (full 0):
 garbage-first heap   total 273408K, used 256232K [0x00000000c0000000, 0x0000000100000000)
  region size 1024K, 93 young (95232K), 4 survivors (4096K)
 Metaspace       used 129906K, committed 132352K, reserved 344064K
  class space    used 18103K, committed 19328K, reserved 212992K
}
Event: 38.150 GC heap after
{Heap after GC invocations=69 (full 0):
 garbage-first heap   total 273408K, used 164509K [0x00000000c0000000, 0x0000000100000000)
  region size 1024K, 4 young (4096K), 4 survivors (4096K)
 Metaspace       used 129906K, committed 132352K, reserved 344064K
  class space    used 18103K, committed 19328K, reserved 212992K
}
Event: 40.271 GC heap before
{Heap before GC invocations=69 (full 0):
 garbage-first heap   total 273408K, used 256669K [0x00000000c0000000, 0x0000000100000000)
  region size 1024K, 95 young (97280K), 4 survivors (4096K)
 Metaspace       used 135486K, committed 137920K, reserved 344064K
  class space    used 18848K, committed 20032K, reserved 212992K
}
Event: 40.279 GC heap after
{Heap after GC invocations=70 (full 0):
 garbage-first heap   total 273408K, used 168081K [0x00000000c0000000, 0x0000000100000000)
  region size 1024K, 7 young (7168K), 7 survivors (7168K)
 Metaspace       used 135486K, committed 137920K, reserved 344064K
  class space    used 18848K, committed 20032K, reserved 212992K
}
Event: 41.104 GC heap before
{Heap before GC invocations=71 (full 0):
 garbage-first heap   total 281600K, used 256145K [0x00000000c0000000, 0x0000000100000000)
  region size 1024K, 94 young (96256K), 7 survivors (7168K)
 Metaspace       used 135756K, committed 138112K, reserved 344064K
  class space    used 18874K, committed 20032K, reserved 212992K
}
Event: 41.111 GC heap after
{Heap after GC invocations=72 (full 0):
 garbage-first heap   total 281600K, used 169764K [0x00000000c0000000, 0x0000000100000000)
  region size 1024K, 8 young (8192K), 8 survivors (8192K)
 Metaspace       used 135756K, committed 138112K, reserved 344064K
  class space    used 18874K, committed 20032K, reserved 212992K
}
Event: 41.507 GC heap before
{Heap before GC invocations=72 (full 0):
 garbage-first heap   total 281600K, used 264996K [0x00000000c0000000, 0x0000000100000000)
  region size 1024K, 102 young (104448K), 8 survivors (8192K)
 Metaspace       used 135852K, committed 138240K, reserved 344064K
  class space    used 18879K, committed 20032K, reserved 212992K
}
Event: 41.516 GC heap after
{Heap after GC invocations=73 (full 0):
 garbage-first heap   total 281600K, used 170022K [0x00000000c0000000, 0x0000000100000000)
  region size 1024K, 9 young (9216K), 9 survivors (9216K)
 Metaspace       used 135852K, committed 138240K, reserved 344064K
  class space    used 18879K, committed 20032K, reserved 212992K
}

Dll operation events (3 events):
Event: 0.018 Loaded shared library C:\Program Files\Android\Android Studio\jbr\bin\java.dll
Event: 0.025 Loaded shared library C:\Program Files\Android\Android Studio\jbr\bin\zip.dll
Event: 1.145 Loaded shared library C:\Program Files\Android\Android Studio\jbr\bin\verify.dll

Deoptimization events (20 events):
Event: 40.913 Thread 0x000001a9cc5ab4c0 DEOPT PACKING pc=0x000001a9b385c7ba sp=0x00000084f93f6970
Event: 40.913 Thread 0x000001a9cc5ab4c0 DEOPT UNPACKING pc=0x000001a9b9804b42 sp=0x00000084f93f5e80 mode 0
Event: 41.151 Thread 0x000001a9cd4a4400 Uncommon trap: trap_request=0xffffff45 fr.pc=0x000001a9ba0a44a4 relative=0x00000000000001e4
Event: 41.151 Thread 0x000001a9cd4a4400 Uncommon trap: reason=unstable_if action=reinterpret pc=0x000001a9ba0a44a4 method=java.util.concurrent.locks.AbstractQueuedSynchronizer.hasQueuedPredecessors()Z @ 33 c2
Event: 41.151 Thread 0x000001a9cd4a4400 DEOPT PACKING pc=0x000001a9ba0a44a4 sp=0x00000084faafb8c0
Event: 41.151 Thread 0x000001a9cd4a4400 DEOPT UNPACKING pc=0x000001a9b98043a2 sp=0x00000084faafb808 mode 2
Event: 41.300 Thread 0x000001a9cc5ab4c0 Uncommon trap: trap_request=0xffffffde fr.pc=0x000001a9ba225298 relative=0x0000000000000498
Event: 41.300 Thread 0x000001a9cc5ab4c0 Uncommon trap: reason=class_check action=maybe_recompile pc=0x000001a9ba225298 method=java.lang.AbstractStringBuilder.<init>(Ljava/lang/String;)V @ 58 c2
Event: 41.300 Thread 0x000001a9cc5ab4c0 DEOPT PACKING pc=0x000001a9ba225298 sp=0x00000084f93f5860
Event: 41.300 Thread 0x000001a9cc5ab4c0 DEOPT UNPACKING pc=0x000001a9b98043a2 sp=0x00000084f93f5820 mode 2
Event: 41.321 Thread 0x000001a9cc5ab4c0 Uncommon trap: trap_request=0xffffff45 fr.pc=0x000001a9b9e410a8 relative=0x0000000000000268
Event: 41.321 Thread 0x000001a9cc5ab4c0 Uncommon trap: reason=unstable_if action=reinterpret pc=0x000001a9b9e410a8 method=java.nio.Buffer.<init>(IIIILjava/lang/foreign/MemorySegment;)V @ 50 c2
Event: 41.321 Thread 0x000001a9cc5ab4c0 DEOPT PACKING pc=0x000001a9b9e410a8 sp=0x00000084f93f5590
Event: 41.321 Thread 0x000001a9cc5ab4c0 DEOPT UNPACKING pc=0x000001a9b98043a2 sp=0x00000084f93f5570 mode 2
Event: 41.710 Thread 0x000001a9cc5ab4c0 Uncommon trap: trap_request=0xffffffbe fr.pc=0x000001a9ba242f48 relative=0x00000000000009a8
Event: 41.710 Thread 0x000001a9cc5ab4c0 Uncommon trap: reason=profile_predicate action=maybe_recompile pc=0x000001a9ba242f48 method=java.util.regex.Pattern$BnM.optimize(Ljava/util/regex/Pattern$Node;)Ljava/util/regex/Pattern$Node; @ 67 c2
Event: 41.710 Thread 0x000001a9cc5ab4c0 DEOPT PACKING pc=0x000001a9ba242f48 sp=0x00000084f93f7770
Event: 41.710 Thread 0x000001a9cc5ab4c0 DEOPT UNPACKING pc=0x000001a9b98043a2 sp=0x00000084f93f76d0 mode 2
Event: 41.899 Thread 0x000001a9cc5ab4c0 DEOPT PACKING pc=0x000001a9b385c7ba sp=0x00000084f93f6d30
Event: 41.899 Thread 0x000001a9cc5ab4c0 DEOPT UNPACKING pc=0x000001a9b9804b42 sp=0x00000084f93f6240 mode 0

Classes loaded (20 events):
Event: 39.212 Loading class sun/security/ssl/NewSessionTicket$NewSessionTicketMessage done
Event: 39.212 Loading class sun/security/ssl/NewSessionTicket$T13NewSessionTicketMessage done
Event: 39.233 Loading class java/nio/charset/UnsupportedCharsetException
Event: 39.233 Loading class java/nio/charset/UnsupportedCharsetException done
Event: 41.303 Loading class sun/security/ssl/PreSharedKeyExtension$PskIdentity
Event: 41.304 Loading class sun/security/ssl/PreSharedKeyExtension$PskIdentity done
Event: 41.304 Loading class sun/security/ssl/PreSharedKeyExtension$CHPreSharedKeySpec
Event: 41.304 Loading class sun/security/ssl/PreSharedKeyExtension$CHPreSharedKeySpec done
Event: 41.304 Loading class sun/security/ssl/PreSharedKeyExtension$PartialClientHelloMessage
Event: 41.304 Loading class sun/security/ssl/PreSharedKeyExtension$PartialClientHelloMessage done
Event: 41.305 Loading class sun/security/ssl/SSLEngineOutputRecord
Event: 41.305 Loading class sun/security/ssl/SSLEngineOutputRecord done
Event: 41.305 Loading class sun/security/ssl/SSLEngineOutputRecord$HandshakeFragment
Event: 41.305 Loading class sun/security/ssl/SSLEngineOutputRecord$HandshakeFragment done
Event: 41.305 Loading class sun/security/ssl/SSLEngineOutputRecord$HandshakeMemo
Event: 41.305 Loading class sun/security/ssl/SSLEngineOutputRecord$RecordMemo
Event: 41.305 Loading class sun/security/ssl/SSLEngineOutputRecord$RecordMemo done
Event: 41.305 Loading class sun/security/ssl/SSLEngineOutputRecord$HandshakeMemo done
Event: 41.322 Loading class sun/security/ssl/PreSharedKeyExtension$SHPreSharedKeySpec
Event: 41.322 Loading class sun/security/ssl/PreSharedKeyExtension$SHPreSharedKeySpec done

Classes unloaded (0 events):
No events

Classes redefined (0 events):
No events

Internal exceptions (20 events):
Event: 41.896 Thread 0x000001a9cc5ab4c0 Exception <a 'sun/nio/fs/WindowsException'{0x00000000ceb9acd0}> (0x00000000ceb9acd0) 
thrown [s\src\hotspot\share\prims\jni.cpp, line 537]
Event: 41.898 Thread 0x000001a9cc5ab4c0 Exception <a 'sun/nio/fs/WindowsException'{0x00000000ceba8bb8}> (0x00000000ceba8bb8) 
thrown [s\src\hotspot\share\prims\jni.cpp, line 537]
Event: 41.903 Thread 0x000001a9cc5ab4c0 Exception <a 'sun/nio/fs/WindowsException'{0x00000000cebd4718}> (0x00000000cebd4718) 
thrown [s\src\hotspot\share\prims\jni.cpp, line 537]
Event: 41.907 Thread 0x000001a9cc5ab4c0 Exception <a 'sun/nio/fs/WindowsException'{0x00000000cebe9820}> (0x00000000cebe9820) 
thrown [s\src\hotspot\share\prims\jni.cpp, line 537]
Event: 41.908 Thread 0x000001a9cc5ab4c0 Exception <a 'sun/nio/fs/WindowsException'{0x00000000cebf6ac8}> (0x00000000cebf6ac8) 
thrown [s\src\hotspot\share\prims\jni.cpp, line 537]
Event: 41.911 Thread 0x000001a9cc5ab4c0 Exception <a 'sun/nio/fs/WindowsException'{0x00000000cea12300}> (0x00000000cea12300) 
thrown [s\src\hotspot\share\prims\jni.cpp, line 537]
Event: 41.913 Thread 0x000001a9cc5ab4c0 Exception <a 'sun/nio/fs/WindowsException'{0x00000000cea23578}> (0x00000000cea23578) 
thrown [s\src\hotspot\share\prims\jni.cpp, line 537]
Event: 41.916 Thread 0x000001a9cc5ab4c0 Exception <a 'sun/nio/fs/WindowsException'{0x00000000cea39d90}> (0x00000000cea39d90) 
thrown [s\src\hotspot\share\prims\jni.cpp, line 537]
Event: 41.919 Thread 0x000001a9cc5ab4c0 Exception <a 'sun/nio/fs/WindowsException'{0x00000000cea4c4e8}> (0x00000000cea4c4e8) 
thrown [s\src\hotspot\share\prims\jni.cpp, line 537]
Event: 41.921 Thread 0x000001a9cc5ab4c0 Exception <a 'sun/nio/fs/WindowsException'{0x00000000cea59730}> (0x00000000cea59730) 
thrown [s\src\hotspot\share\prims\jni.cpp, line 537]
Event: 41.924 Thread 0x000001a9cc5ab4c0 Exception <a 'sun/nio/fs/WindowsException'{0x00000000cea683a8}> (0x00000000cea683a8) 
thrown [s\src\hotspot\share\prims\jni.cpp, line 537]
Event: 41.926 Thread 0x000001a9cc5ab4c0 Exception <a 'sun/nio/fs/WindowsException'{0x00000000cea7e0b0}> (0x00000000cea7e0b0) 
thrown [s\src\hotspot\share\prims\jni.cpp, line 537]
Event: 41.928 Thread 0x000001a9cc5ab4c0 Exception <a 'sun/nio/fs/WindowsException'{0x00000000cea8d078}> (0x00000000cea8d078) 
thrown [s\src\hotspot\share\prims\jni.cpp, line 537]
Event: 41.934 Thread 0x000001a9cc5ab4c0 Exception <a 'sun/nio/fs/WindowsException'{0x00000000ceafda18}> (0x00000000ceafda18) 
thrown [s\src\hotspot\share\prims\jni.cpp, line 537]
Event: 41.937 Thread 0x000001a9cc5ab4c0 Exception <a 'sun/nio/fs/WindowsException'{0x00000000ce9096d8}> (0x00000000ce9096d8) 
thrown [s\src\hotspot\share\prims\jni.cpp, line 537]
Event: 41.941 Thread 0x000001a9cc5ab4c0 Exception <a 'sun/nio/fs/WindowsException'{0x00000000ce91e1d0}> (0x00000000ce91e1d0) 
thrown [s\src\hotspot\share\prims\jni.cpp, line 537]
Event: 41.946 Thread 0x000001a9cc5ab4c0 Exception <a 'sun/nio/fs/WindowsException'{0x00000000ce975240}> (0x00000000ce975240) 
thrown [s\src\hotspot\share\prims\jni.cpp, line 537]
Event: 41.949 Thread 0x000001a9cc5ab4c0 Exception <a 'sun/nio/fs/WindowsException'{0x00000000ce988ae0}> (0x00000000ce988ae0) 
thrown [s\src\hotspot\share\prims\jni.cpp, line 537]
Event: 41.952 Thread 0x000001a9cc5ab4c0 Exception <a 'sun/nio/fs/WindowsException'{0x00000000ce9963d8}> (0x00000000ce9963d8) 
thrown [s\src\hotspot\share\prims\jni.cpp, line 537]
Event: 41.990 Thread 0x000001a9cc5ab4c0 Exception <a 'sun/nio/fs/WindowsException'{0x00000000ce9eb788}> (0x00000000ce9eb788) 
thrown [s\src\hotspot\share\prims\jni.cpp, line 537]

ZGC Phase Switch (0 events):
No events

VM Operations (20 events):
Event: 38.822 Executing VM operation: HandshakeAllThreads (Deoptimize)
Event: 38.823 Executing VM operation: HandshakeAllThreads (Deoptimize) done
Event: 38.944 Executing VM operation: HandshakeAllThreads (Deoptimize)
Event: 38.945 Executing VM operation: HandshakeAllThreads (Deoptimize) done
Event: 39.954 Executing VM operation: Cleanup
Event: 39.954 Executing VM operation: Cleanup done
Event: 40.271 Executing VM operation: G1CollectForAllocation (G1 Evacuation Pause)
Event: 40.279 Executing VM operation: G1CollectForAllocation (G1 Evacuation Pause) done
Event: 40.388 Executing VM operation: G1PauseRemark
Event: 40.396 Executing VM operation: G1PauseRemark done
Event: 40.434 Executing VM operation: G1PauseCleanup
Event: 40.434 Executing VM operation: G1PauseCleanup done
Event: 40.986 Executing VM operation: ICBufferFull
Event: 40.986 Executing VM operation: ICBufferFull done
Event: 41.103 Executing VM operation: G1CollectForAllocation (G1 Evacuation Pause)
Event: 41.111 Executing VM operation: G1CollectForAllocation (G1 Evacuation Pause) done
Event: 41.507 Executing VM operation: G1CollectForAllocation (G1 Evacuation Pause)
Event: 41.516 Executing VM operation: G1CollectForAllocation (G1 Evacuation Pause) done
Event: 42.529 Executing VM operation: Cleanup
Event: 42.529 Executing VM operation: Cleanup done

Memory protections (0 events):
No events

Nmethod flushes (20 events):
Event: 40.394 Thread 0x000001a9c53c0980 flushing  nmethod 0x000001a9b25e7910
Event: 40.394 Thread 0x000001a9c53c0980 flushing  nmethod 0x000001a9b2709310
Event: 40.394 Thread 0x000001a9c53c0980 flushing  nmethod 0x000001a9b27bfe90
Event: 40.394 Thread 0x000001a9c53c0980 flushing  nmethod 0x000001a9b27c3410
Event: 40.394 Thread 0x000001a9c53c0980 flushing  nmethod 0x000001a9b27c3a90
Event: 40.394 Thread 0x000001a9c53c0980 flushing  nmethod 0x000001a9b28fde90
Event: 40.394 Thread 0x000001a9c53c0980 flushing  nmethod 0x000001a9b2b5d210
Event: 40.394 Thread 0x000001a9c53c0980 flushing  nmethod 0x000001a9b2bd4190
Event: 40.394 Thread 0x000001a9c53c0980 flushing  nmethod 0x000001a9b2ce4c90
Event: 40.394 Thread 0x000001a9c53c0980 flushing  nmethod 0x000001a9b2de9e10
Event: 40.394 Thread 0x000001a9c53c0980 flushing  nmethod 0x000001a9b2deb210
Event: 40.394 Thread 0x000001a9c53c0980 flushing  nmethod 0x000001a9b2deba10
Event: 40.394 Thread 0x000001a9c53c0980 flushing  nmethod 0x000001a9b2dee910
Event: 40.394 Thread 0x000001a9c53c0980 flushing  nmethod 0x000001a9b2ff9610
Event: 40.394 Thread 0x000001a9c53c0980 flushing  nmethod 0x000001a9b3238490
Event: 40.394 Thread 0x000001a9c53c0980 flushing  nmethod 0x000001a9b342c510
Event: 40.394 Thread 0x000001a9c53c0980 flushing  nmethod 0x000001a9b34da790
Event: 40.394 Thread 0x000001a9c53c0980 flushing  nmethod 0x000001a9b352dc90
Event: 40.394 Thread 0x000001a9c53c0980 flushing  nmethod 0x000001a9b35d6490
Event: 40.394 Thread 0x000001a9c53c0980 flushing  nmethod 0x000001a9b371e210

Events (20 events):
Event: 38.422 Thread 0x000001a9d5193080 Thread exited: 0x000001a9d5193080
Event: 38.531 Thread 0x000001a9c55c46c0 Thread added: 0x000001a9d5193080
Event: 38.926 Thread 0x000001a9d5193080 Thread exited: 0x000001a9d5193080
Event: 38.934 Thread 0x000001a9c55cde10 Thread added: 0x000001a9ce8c3610
Event: 39.540 Thread 0x000001a9ce8c3610 Thread exited: 0x000001a9ce8c3610
Event: 40.566 Thread 0x000001a9cc5ab4c0 Thread added: 0x000001a9cd3714e0
Event: 40.613 Thread 0x000001a9cc5ab4c0 Thread added: 0x000001a9cd3b82a0
Event: 40.614 Thread 0x000001a9cc5ab4c0 Thread added: 0x000001a9cd3b6ef0
Event: 40.614 Thread 0x000001a9cc5ab4c0 Thread added: 0x000001a9cb4b0820
Event: 40.614 Thread 0x000001a9cc5ab4c0 Thread added: 0x000001a9cb4b1540
Event: 40.614 Thread 0x000001a9cc5ab4c0 Thread added: 0x000001a9cb4b1bd0
Event: 40.615 Thread 0x000001a9cc5ab4c0 Thread added: 0x000001a9cb4b2f80
Event: 40.615 Thread 0x000001a9cc5ab4c0 Thread added: 0x000001a9cb4b2260
Event: 40.810 Thread 0x000001a9c55c46c0 Thread added: 0x000001a9ce8c3610
Event: 40.935 Thread 0x000001a9cc5ab4c0 Thread added: 0x000001a9cd36ed80
Event: 40.962 Thread 0x000001a9cc5ab4c0 Thread added: 0x000001a9cd370e50
Event: 40.972 Thread 0x000001a9cc5ab4c0 Thread added: 0x000001a9cd36faa0
Event: 40.977 Thread 0x000001a9cc5ab4c0 Thread added: 0x000001a9cd370130
Event: 40.977 Thread 0x000001a9cc5ab4c0 Thread added: 0x000001a9d00bdd60
Event: 40.990 Thread 0x000001a9cc5ab4c0 Thread added: 0x000001a9d00bc9b0


Dynamic libraries:
0x00007ff7bcfd0000 - 0x00007ff7bcfda000 	C:\Program Files\Android\Android Studio\jbr\bin\java.exe
0x00007ffcc9340000 - 0x00007ffcc95a8000 	C:\Windows\SYSTEM32\ntdll.dll
0x00007ffcc78c0000 - 0x00007ffcc7989000 	C:\Windows\System32\KERNEL32.DLL
0x00007ffcc69c0000 - 0x00007ffcc6db2000 	C:\Windows\System32\KERNELBASE.dll
0x00007ffcc6dc0000 - 0x00007ffcc6f0b000 	C:\Windows\System32\ucrtbase.dll
0x00007ffcc1080000 - 0x00007ffcc109b000 	C:\Program Files\Android\Android Studio\jbr\bin\VCRUNTIME140.dll
0x00007ffc1edb0000 - 0x00007ffc1edc8000 	C:\Program Files\Android\Android Studio\jbr\bin\jli.dll
0x00007ffcc7380000 - 0x00007ffcc7545000 	C:\Windows\System32\USER32.dll
0x00007ffcb3000000 - 0x00007ffcb3293000 	C:\Windows\WinSxS\amd64_microsoft.windows.common-controls_6595b64144ccf1df_6.0.26100.6899_none_3e0efeeae32e88c1\COMCTL32.dll
0x00007ffcc6990000 - 0x00007ffcc69b7000 	C:\Windows\System32\win32u.dll
0x00007ffcc72d0000 - 0x00007ffcc7379000 	C:\Windows\System32\msvcrt.dll
0x00007ffcc87f0000 - 0x00007ffcc881b000 	C:\Windows\System32\GDI32.dll
0x00007ffcc6620000 - 0x00007ffcc674d000 	C:\Windows\System32\gdi32full.dll
0x00007ffcc64d0000 - 0x00007ffcc6573000 	C:\Windows\System32\msvcp_win.dll
0x00007ffcc8540000 - 0x00007ffcc856f000 	C:\Windows\System32\IMM32.DLL
0x00007ffcc3130000 - 0x00007ffcc313c000 	C:\Program Files\Android\Android Studio\jbr\bin\vcruntime140_1.dll
0x00007ffc1ed20000 - 0x00007ffc1edad000 	C:\Program Files\Android\Android Studio\jbr\bin\msvcp140.dll
0x00007ffc78620000 - 0x00007ffc792b6000 	C:\Program Files\Android\Android Studio\jbr\bin\server\jvm.dll
0x00007ffcc8ac0000 - 0x00007ffcc8b74000 	C:\Windows\System32\ADVAPI32.dll
0x00007ffcc8740000 - 0x00007ffcc87e6000 	C:\Windows\System32\sechost.dll
0x00007ffcc7ea0000 - 0x00007ffcc7fb8000 	C:\Windows\System32\RPCRT4.dll
0x00007ffcc7990000 - 0x00007ffcc7a04000 	C:\Windows\System32\WS2_32.dll
0x00007ffcc6330000 - 0x00007ffcc638e000 	C:\Windows\SYSTEM32\POWRPROF.dll
0x00007ffcb8b80000 - 0x00007ffcb8b8b000 	C:\Windows\SYSTEM32\VERSION.dll
0x00007ffcba700000 - 0x00007ffcba735000 	C:\Windows\SYSTEM32\WINMM.dll
0x00007ffcc6310000 - 0x00007ffcc6324000 	C:\Windows\SYSTEM32\UMPDC.dll
0x00007ffcc52a0000 - 0x00007ffcc52bb000 	C:\Windows\SYSTEM32\kernel.appcore.dll
0x00007ffcc1070000 - 0x00007ffcc107a000 	C:\Program Files\Android\Android Studio\jbr\bin\jimage.dll
0x00007ffcc3b30000 - 0x00007ffcc3d72000 	C:\Windows\SYSTEM32\DBGHELP.DLL
0x00007ffcc8080000 - 0x00007ffcc83fb000 	C:\Windows\System32\combase.dll
0x00007ffcc8460000 - 0x00007ffcc8537000 	C:\Windows\System32\OLEAUT32.dll
0x00007ffcad710000 - 0x00007ffcad74c000 	C:\Windows\SYSTEM32\dbgcore.DLL
0x00007ffcc6580000 - 0x00007ffcc6618000 	C:\Windows\System32\bcryptPrimitives.dll
0x00007ffcc31e0000 - 0x00007ffcc31ee000 	C:\Program Files\Android\Android Studio\jbr\bin\instrument.dll
0x00007ffcb7d00000 - 0x00007ffcb7d20000 	C:\Program Files\Android\Android Studio\jbr\bin\java.dll
0x00007ffcb7ce0000 - 0x00007ffcb7cf8000 	C:\Program Files\Android\Android Studio\jbr\bin\zip.dll
0x00007ffcc8b80000 - 0x00007ffcc92cd000 	C:\Windows\System32\SHELL32.dll
0x00007ffcc6f10000 - 0x00007ffcc707b000 	C:\Windows\System32\wintypes.dll
0x00007ffcc4120000 - 0x00007ffcc497d000 	C:\Windows\SYSTEM32\windows.storage.dll
0x00007ffcc89c0000 - 0x00007ffcc8ab2000 	C:\Windows\System32\SHCORE.dll
0x00007ffcc7260000 - 0x00007ffcc72c2000 	C:\Windows\System32\shlwapi.dll
0x00007ffcc63f0000 - 0x00007ffcc6419000 	C:\Windows\SYSTEM32\profapi.dll
0x00007ffcb7f90000 - 0x00007ffcb7fa0000 	C:\Program Files\Android\Android Studio\jbr\bin\net.dll
0x00007ffcbf100000 - 0x00007ffcbf21f000 	C:\Windows\SYSTEM32\WINHTTP.dll
0x00007ffcc5810000 - 0x00007ffcc587b000 	C:\Windows\system32\mswsock.dll
0x00007ffcb7cc0000 - 0x00007ffcb7cd6000 	C:\Program Files\Android\Android Studio\jbr\bin\nio.dll
0x00007ffca6e60000 - 0x00007ffca6e70000 	C:\Program Files\Android\Android Studio\jbr\bin\verify.dll
0x00007ffc21490000 - 0x00007ffc214b7000 	C:\Users\Asus\.gradle\native\660c5614fbf4a5f2a75b1949f50a0caf5cd603558e7d8a26e50b933a0cfb79d1\windows-amd64\native-platform.dll
0x00007ffcb0be0000 - 0x00007ffcb0c57000 	C:\Users\Asus\.gradle\native\0.2.8\x86_64-windows-gnu\gradle-fileevents.dll
0x00007ffcb7bc0000 - 0x00007ffcb7bc9000 	C:\Program Files\Android\Android Studio\jbr\bin\management.dll
0x00007ffcb7bb0000 - 0x00007ffcb7bbb000 	C:\Program Files\Android\Android Studio\jbr\bin\management_ext.dll
0x00007ffcc8600000 - 0x00007ffcc8608000 	C:\Windows\System32\PSAPI.DLL
0x00007ffcc4c40000 - 0x00007ffcc4c74000 	C:\Windows\SYSTEM32\IPHLPAPI.DLL
0x00007ffcc8610000 - 0x00007ffcc861a000 	C:\Windows\System32\NSI.dll
0x00007ffcb7bd0000 - 0x00007ffcb7bd9000 	C:\Program Files\Android\Android Studio\jbr\bin\extnet.dll
0x00007ffcc5ac0000 - 0x00007ffcc5adb000 	C:\Windows\SYSTEM32\CRYPTSP.dll
0x00007ffcc5200000 - 0x00007ffcc523b000 	C:\Windows\system32\rsaenh.dll
0x00007ffcc58b0000 - 0x00007ffcc58db000 	C:\Windows\SYSTEM32\USERENV.dll
0x00007ffcc63c0000 - 0x00007ffcc63e6000 	C:\Windows\SYSTEM32\bcrypt.dll
0x00007ffcc5ae0000 - 0x00007ffcc5aec000 	C:\Windows\SYSTEM32\CRYPTBASE.dll
0x00007ffc53a30000 - 0x00007ffc53a38000 	C:\Windows\system32\wshunix.dll
0x00007ffca1b70000 - 0x00007ffca1b88000 	C:\Windows\system32\napinsp.dll
0x00007ffcc4c80000 - 0x00007ffcc4da6000 	C:\Windows\SYSTEM32\DNSAPI.dll
0x00007ffca1b50000 - 0x00007ffca1b62000 	C:\Windows\System32\winrnr.dll
0x00007ffca1b20000 - 0x00007ffca1b48000 	C:\Windows\system32\nlansp_c.dll
0x00007ffca1930000 - 0x00007ffca1946000 	C:\Windows\system32\wshbth.dll
0x00007ffcbe870000 - 0x00007ffcbe87b000 	C:\Windows\System32\rasadhlp.dll
0x00007ffcc0b00000 - 0x00007ffcc0b86000 	C:\Windows\System32\fwpuclnt.dll

JVMTI agents:
C:\Users\Asus\.gradle\wrapper\dists\gradle-9.3.1-bin\23ovyewtku6u96viwx3xl3oks\gradle-9.3.1\lib\agents\gradle-instrumentation-agent-9.3.1.jar path:C:\Program Files\Android\Android Studio\jbr\bin\instrument.dll, loaded, initialized, instrumentlib options:none

dbghelp: loaded successfully - version: 4.0.5 - missing functions: none
symbol engine: initialized successfully - sym options: 0x614 - pdb path: .;C:\Program Files\Android\Android Studio\jbr\bin;C:\Windows\SYSTEM32;C:\Windows\WinSxS\amd64_microsoft.windows.common-controls_6595b64144ccf1df_6.0.26100.6899_none_3e0efeeae32e88c1;C:\Program Files\Android\Android Studio\jbr\bin\server;C:\Users\Asus\.gradle\native\660c5614fbf4a5f2a75b1949f50a0caf5cd603558e7d8a26e50b933a0cfb79d1\windows-amd64;C:\Users\Asus\.gradle\native\0.2.8\x86_64-windows-gnu

VM Arguments:
jvm_args: --add-opens=java.base/java.lang=ALL-UNNAMED --add-opens=java.base/java.lang.invoke=ALL-UNNAMED --add-opens=java.base/java.util=ALL-UNNAMED --add-opens=java.prefs/java.util.prefs=ALL-UNNAMED --add-exports=jdk.compiler/com.sun.tools.javac.api=ALL-UNNAMED --add-exports=jdk.compiler/com.sun.tools.javac.util=ALL-UNNAMED --add-opens=java.base/java.util=ALL-UNNAMED --add-opens=java.prefs/java.util.prefs=ALL-UNNAMED --add-opens=java.base/java.nio.charset=ALL-UNNAMED --add-opens=java.base/java.net=ALL-UNNAMED --add-opens=java.base/java.util.concurrent=ALL-UNNAMED --add-opens=java.base/java.util.concurrent.atomic=ALL-UNNAMED --add-opens=java.xml/javax.xml.namespace=ALL-UNNAMED --add-opens=java.base/java.time=ALL-UNNAMED -XX:MaxMetaspaceSize=256m -Xmx1024m -Dfile.encoding=UTF-8 -Duser.country=ID -Duser.language=en -Duser.variant -javaagent:C:\Users\Asus\.gradle\wrapper\dists\gradle-9.3.1-bin\23ovyewtku6u96viwx3xl3oks\gradle-9.3.1\lib\agents\gradle-instrumentation-agent-9.3.1.jar 
java_command: org.gradle.launcher.daemon.bootstrap.GradleDaemon 9.3.1
java_class_path (initial): C:\Users\Asus\.gradle\wrapper\dists\gradle-9.3.1-bin\23ovyewtku6u96viwx3xl3oks\gradle-9.3.1\lib\gradle-daemon-main-9.3.1.jar
Launcher Type: SUN_STANDARD

[Global flags]
     intx CICompilerCount                          = 4                                         {product} {ergonomic}
   size_t CompressedClassSpaceSize                 = 218103808                                 {product} {ergonomic}
     uint ConcGCThreads                            = 2                                         {product} {ergonomic}
     uint G1ConcRefinementThreads                  = 8                                         {product} {ergonomic}
   size_t G1HeapRegionSize                         = 1048576                                   {product} {ergonomic}
    uintx GCDrainStackTargetSize                   = 64                                        {product} {ergonomic}
   size_t InitialHeapSize                          = 123731968                                 {product} {ergonomic}
   size_t MarkStackSize                            = 4194304                                   {product} {ergonomic}
   size_t MaxHeapSize                              = 1073741824                                {product} {command line}
   size_t MaxMetaspaceSize                         = 268435456                                 {product} {command line}
   size_t MaxNewSize                               = 643825664                                 {product} {ergonomic}
   size_t MinHeapDeltaBytes                        = 1048576                                   {product} {ergonomic}
   size_t MinHeapSize                              = 8388608                                   {product} {ergonomic}
    uintx NonNMethodCodeHeapSize                   = 5839372                                {pd product} {ergonomic}
    uintx NonProfiledCodeHeapSize                  = 122909434                              {pd product} {ergonomic}
    uintx ProfiledCodeHeapSize                     = 122909434                              {pd product} {ergonomic}
    uintx ReservedCodeCacheSize                    = 251658240                              {pd product} {ergonomic}
     bool SegmentedCodeCache                       = true                                      {product} {ergonomic}
   size_t SoftMaxHeapSize                          = 1073741824                             {manageable} {ergonomic}
     bool UseCompressedOops                        = true                           {product lp64_product} {ergonomic}
     bool UseG1GC                                  = true                                      {product} {ergonomic}
     bool UseLargePagesIndividualAllocation        = false                                  {pd product} {ergonomic}

Logging:
Log output configuration:
 #0: stdout all=warning uptime,level,tags foldmultilines=false
 #1: stderr all=off uptime,level,tags foldmultilines=false

Release file:
JAVA_VERSION="21.0.9" 
MODULES="java.base java.compiler java.datatransfer java.xml java.prefs java.desktop java.instrument java.logging java.management java.security.sasl java.naming java.rmi java.management.rmi java.net.http java.scripting java.security.jgss java.transaction.xa java.sql java.sql.rowset java.xml.crypto java.se java.smartcardio jdk.accessibility jdk.internal.jvmstat jdk.attach jdk.charsets jdk.internal.opt jdk.zipfs jdk.compiler jdk.crypto.ec jdk.crypto.cryptoki jdk.dynalink jdk.hotspot.agent jdk.httpserver jdk.internal.ed jdk.internal.le jdk.internal.vm.ci jdk.jartool jdk.javadoc jdk.jcmd jdk.jdeps jdk.jdwp.agent jdk.jdi jdk.jfr jdk.jlink jdk.jsobject jdk.localedata jdk.management jdk.management.agent jdk.management.jfr jdk.naming.dns jdk.naming.rmi jdk.net jdk.sctp jdk.security.auth jdk.security.jgss jdk.unsupported jdk.unsupported.desktop jdk.xml.dom" 
IMPLEMENTOR="JetBrains s.r.o." 
JAVA_RUNTIME_VERSION="21.0.9+-14787801-b1163.94" 
LIBC="default" 
OS_ARCH="x86_64" 
OS_NAME="Windows" 
SOURCE=".:git:0c757ddc9f2f" 

Environment Variables:
PATH=C:\Windows\system32;C:\Windows;C:\Windows\System32\Wbem;C:\Windows\System32\WindowsPowerShell\v1.0\;C:\Windows\System32\OpenSSH\;C:\Program Files\Git\cmd;C:\Program Files\Git\bin;C:\Program Files\Git\cmd;C:\composer;D:\nona_2sic\laragon-6.0-minimal\bin\php\php-8.4.12-nts-Win32-vs17-x64\;C:\Program Files\nodejs\;D:\nona_2sic\laragon-6.0-minimal\www\nona_cat\Git\cmd;C:\Users\Asus\AppData\Local\Microsoft\WindowsApps;C:\Users\Asus\AppData\Local\Programs\Microsoft VS Code\bin;C:\Users\Asus\AppData\Roaming\Composer\vendor\bin;C:\Users\Asus\AppData\Roaming\npm
USERNAME=Asus
OS=Windows_NT
PROCESSOR_IDENTIFIER=AMD64 Family 23 Model 160 Stepping 0, AuthenticAMD
TMP=C:\Users\Asus\AppData\Local\Temp
TEMP=C:\Users\Asus\AppData\Local\Temp




Periodic native trim disabled

JNI global refs:
JNI global refs: 30, weak refs: 10

JNI global refs memory usage: 835, weak refs: 833

Process memory usage:
Resident Set Size: 591200K (7% of 7634556K total physical memory with 446628K free physical memory)

OOME stack traces (most recent first):
Classloader memory used:
Loader org.gradle.internal.classloader.VisitableURLClassLoader                         : 46947K
Loader org.gradle.internal.classloader.VisitableURLClassLoader$InstrumentingVisitableURLClassLoader: 34529K
Loader bootstrap                                                                       : 33015K
Loader org.gradle.initialization.MixInLegacyTypesClassLoader                           : 14404K
Loader org.gradle.internal.classloader.VisitableURLClassLoader                         : 7052K
Loader jdk.internal.reflect.DelegatingClassLoader                                      : 530K
Loader jdk.internal.loader.ClassLoaders$PlatformClassLoader                            : 443K
Loader jdk.internal.loader.ClassLoaders$AppClassLoader                                 : 229K
Loader org.gradle.groovy.scripts.internal.DefaultScriptCompilationHandler$ScriptClassLoader: 93160B

Classes loaded by more than one classloader:
Class Program                                                                         : loaded 5 times (x 72B)
Class com.google.common.collect.UnmodifiableIterator                                  : loaded 4 times (x 80B)
Class com.google.common.collect.Iterators$SingletonIterator                           : loaded 4 times (x 81B)
Class com.google.common.collect.ImmutableList                                         : loaded 4 times (x 206B)
Class com.google.common.collect.Iterators                                             : loaded 4 times (x 71B)
Class com.google.common.collect.Lists$StringAsImmutableList                           : loaded 4 times (x 207B)
Class com.google.common.collect.AbstractIterator                                      : loaded 4 times (x 82B)
Class com.google.common.collect.AbstractIndexedListIterator                           : loaded 4 times (x 96B)
Class com.google.common.collect.Iterators$MergingIterator                             : loaded 4 times (x 81B)
Class com.google.common.collect.Iterators$1                                           : loaded 4 times (x 81B)
Class com.google.common.collect.Iterators$4                                           : loaded 4 times (x 82B)
Class com.google.common.collect.PeekingIterator                                       : loaded 4 times (x 70B)
Class com.google.common.collect.Iterators$5                                           : loaded 4 times (x 82B)
Class com.google.common.collect.UnmodifiableListIterator                              : loaded 4 times (x 95B)
Class com.google.common.collect.ImmutableCollection                                   : loaded 4 times (x 125B)
Class com.google.common.base.Preconditions                                            : loaded 4 times (x 71B)
Class com.google.common.collect.Lists                                                 : loaded 4 times (x 71B)
Class com.google.common.collect.Iterators$9                                           : loaded 4 times (x 81B)
Class com.google.common.collect.Iterators$ArrayItr                                    : loaded 4 times (x 97B)
Class com.google.common.collect.ImmutableRangeSet$ComplementRanges                    : loaded 3 times (x 207B)
Class org.gradle.internal.IoActions                                                   : loaded 3 times (x 71B)
Class org.gradle.api.GradleException                                                  : loaded 3 times (x 82B)
Class com.google.common.base.CharMatcher$NegatedFastMatcher                           : loaded 3 times (x 113B)
Class com.google.common.collect.AbstractRangeSet                                      : loaded 3 times (x 114B)
Class com.google.common.base.Predicate                                                : loaded 3 times (x 70B)
Class com.google.common.base.CharMatcher$FastMatcher                                  : loaded 3 times (x 111B)
Class com.google.common.collect.ImmutableList$1                                       : loaded 3 times (x 97B)
Class org.gradle.api.Action                                                           : loaded 3 times (x 70B)
Class org.gradle.internal.Cast                                                        : loaded 3 times (x 71B)
Class com.google.common.base.CharMatcher$Or                                           : loaded 3 times (x 112B)
Class com.google.common.collect.ImmutableSet                                          : loaded 3 times (x 145B)
Class com.google.common.base.CharMatcher$BitSetMatcher                                : loaded 3 times (x 112B)
Class com.google.common.collect.ImmutableRangeSet$Builder                             : loaded 3 times (x 77B)
Class com.google.common.collect.RegularImmutableList                                  : loaded 3 times (x 213B)
Class com.google.common.base.Function                                                 : loaded 3 times (x 70B)
Class com.google.common.collect.ImmutableSet$RegularSetBuilderImpl                    : loaded 3 times (x 77B)
Class com.google.common.collect.RegularImmutableSet                                   : loaded 3 times (x 149B)
Class com.google.common.base.CharMatcher$IsNot                                        : loaded 3 times (x 111B)
Class com.google.common.collect.ImmutableSortedSet                                    : loaded 3 times (x 300B)
Class com.google.common.collect.ImmutableAsList                                       : loaded 3 times (x 209B)
Class com.google.common.base.CharMatcher$Negated                                      : loaded 3 times (x 113B)
Class com.google.common.collect.ImmutableSet$CachingAsList                            : loaded 3 times (x 148B)
Class com.google.common.base.CharMatcher$Is                                           : loaded 3 times (x 111B)
Class com.google.common.base.CharMatcher$IsEither                                     : loaded 3 times (x 111B)
Class com.google.common.base.CharMatcher$AnyOf                                        : loaded 3 times (x 112B)
Class com.google.common.base.CharMatcher$ForPredicate                                 : loaded 3 times (x 112B)
Class com.google.common.base.Joiner$1                                                 : loaded 3 times (x 80B)
Class com.google.common.base.CharMatcher                                              : loaded 3 times (x 111B)
Class com.google.common.collect.RangeGwtSerializationDependencies                     : loaded 3 times (x 71B)
Class com.google.common.collect.SortedIterable                                        : loaded 3 times (x 70B)
Class com.google.common.collect.SingletonImmutableSet                                 : loaded 3 times (x 146B)
Class com.google.common.base.Joiner$2                                                 : loaded 3 times (x 79B)
Class com.google.common.collect.ImmutableList$ReverseImmutableList                    : loaded 3 times (x 209B)
Class com.google.common.collect.SingletonImmutableList                                : loaded 3 times (x 207B)
Class com.google.common.base.CharMatcher$1                                            : loaded 3 times (x 113B)
Class com.google.common.collect.Multimap                                              : loaded 3 times (x 70B)
Class com.google.common.base.CharMatcher$NamedFastMatcher                             : loaded 3 times (x 112B)
Class com.google.common.collect.RangeSet                                              : loaded 3 times (x 70B)
Class com.google.common.base.CharMatcher$And                                          : loaded 3 times (x 112B)
Class com.google.common.base.CharMatcher$InRange                                      : loaded 3 times (x 111B)
Class Build_gradle                                                                    : loaded 3 times (x 126B)
Class com.google.common.collect.Range                                                 : loaded 3 times (x 87B)
Class com.google.common.collect.RegularImmutableAsList                                : loaded 3 times (x 217B)
Class com.google.common.collect.ImmutableRangeSet$1                                   : loaded 3 times (x 210B)
Class com.google.common.collect.ImmutableList$Builder                                 : loaded 3 times (x 77B)
Class com.google.common.collect.ImmutableSet$SetBuilderImpl                           : loaded 3 times (x 76B)
Class com.google.common.collect.ImmutableList$SubList                                 : loaded 3 times (x 209B)
Class com.google.common.base.Joiner                                                   : loaded 3 times (x 79B)
Class com.google.common.collect.ImmutableCollection$Builder                           : loaded 3 times (x 76B)
Class com.google.common.collect.RegularImmutableSortedSet                             : loaded 3 times (x 300B)
Class com.google.common.collect.ImmutableRangeSet$AsSet                               : loaded 3 times (x 300B)
Class com.google.common.collect.ImmutableRangeSet                                     : loaded 3 times (x 115B)
Class org.gradle.api.internal.classpath.EffectiveClassPath                            : loaded 2 times (x 90B)
Class com.android.builder.model.v2.models.AndroidDsl                                  : loaded 2 times (x 70B)
Class [Lorg.apache.commons.io.StandardLineSeparator;                                  : loaded 2 times (x 69B)
Class org.apache.commons.io.output.StringBuilderWriter                                : loaded 2 times (x 100B)
Class kotlin.sequences.SequencesKt___SequencesKt$flatMap$2                            : loaded 2 times (x 125B)
Class com.google.common.collect.ListMultimap                                          : loaded 2 times (x 70B)
Class com.google.common.collect.ImmutableEnumMap                                      : loaded 2 times (x 126B)
Class kotlin.text.StringsKt__AppendableKt                                             : loaded 2 times (x 71B)
Class org.gradle.tooling.internal.gradle.DefaultProjectIdentifier                     : loaded 2 times (x 86B)
Class com.android.ide.common.gradle.Numeric                                           : loaded 2 times (x 77B)
Class com.google.common.collect.Sets$1                                                : loaded 2 times (x 139B)
Class org.objectweb.asm.AnnotationVisitor                                             : loaded 2 times (x 78B)
Class com.google.gson.internal.bind.TypeAdapters                                      : loaded 2 times (x 71B)
Class com.google.gson.FormattingStyle                                                 : loaded 2 times (x 78B)
Class com.google.gson.FieldNamingPolicy                                               : loaded 2 times (x 83B)
Class com.intellij.gradle.toolingExtension.impl.model.buildScriptClasspathModel.GradleBuildScriptClasspathSerializationService$ReadContext: loaded 2 times (x 72B)
Class com.google.common.collect.ComparatorOrdering                                    : loaded 2 times (x 115B)
Class org.gradle.api.internal.DefaultClassPathProvider                                : loaded 2 times (x 76B)
Class com.android.builder.model.v2.models.BasicAndroidProject                         : loaded 2 times (x 70B)
Class com.google.common.collect.Sets$2                                                : loaded 2 times (x 139B)
Class com.google.gson.JsonArray                                                       : loaded 2 times (x 100B)
Class com.google.gson.FieldNamingStrategy                                             : loaded 2 times (x 70B)
Class kotlin.text.StringsKt__StringNumberConversionsJVMKt                             : loaded 2 times (x 71B)
Class com.google.common.collect.NaturalOrdering                                       : loaded 2 times (x 115B)
Class kotlin.text.MatchResult                                                         : loaded 2 times (x 70B)
Class kotlin.sequences.SequenceScope                                                  : loaded 2 times (x 73B)
Class kotlin.sequences.Sequence                                                       : loaded 2 times (x 70B)
Class org.gradle.tooling.ToolingModelContract                                         : loaded 2 times (x 70B)
Class [Lorg.gradle.api.internal.ClassPathProvider;                                    : loaded 2 times (x 69B)
Class org.gradle.api.internal.ClassPathProvider                                       : loaded 2 times (x 70B)
Class [Lorg.objectweb.asm.AnnotationVisitor;                                          : loaded 2 times (x 69B)
Class com.google.common.collect.Sets$3                                                : loaded 2 times (x 139B)
Class com.google.common.cache.LocalCache$LocalLoadingCache                            : loaded 2 times (x 134B)
Class kotlin.collections.CollectionsKt___CollectionsKt$asSequence$$inlined$Sequence$1 : loaded 2 times (x 75B)
Class org.gradle.internal.service.UnknownServiceException                             : loaded 2 times (x 83B)
Class com.google.common.collect.Sets$4                                                : loaded 2 times (x 139B)
Class org.objectweb.asm.ModuleVisitor                                                 : loaded 2 times (x 81B)
Class com.google.common.cache.LocalCache$Strength$1                                   : loaded 2 times (x 81B)
Class org.jetbrains.kotlin.idea.gradleTooling.model.kapt.KaptGradleModel              : loaded 2 times (x 70B)
Class org.jetbrains.kotlin.idea.gradleTooling.KotlinDslScriptAdditionalTask           : loaded 2 times (x 70B)
Class org.jetbrains.plugins.gradle.model.ClasspathEntryModel                          : loaded 2 times (x 70B)
Class org.apache.commons.io.output.QueueOutputStream                                  : loaded 2 times (x 87B)
Class com.google.common.util.concurrent.SettableFuture                                : loaded 2 times (x 114B)
Class com.google.common.cache.LocalCache$Strength$2                                   : loaded 2 times (x 81B)
Class org.jetbrains.plugins.gradle.tooling.serialization.GradleExtensionsSerializationService: loaded 2 times (x 77B)
Class org.gradle.api.JavaVersion                                                      : loaded 2 times (x 79B)
Class org.gradle.tooling.model.Dependency                                             : loaded 2 times (x 70B)
Class com.android.builder.model.v2.ide.AbstractArtifact                               : loaded 2 times (x 70B)
Class com.google.common.cache.LocalCache$Strength$3                                   : loaded 2 times (x 81B)
Class com.google.common.collect.MapDifference                                         : loaded 2 times (x 70B)
Class com.intellij.openapi.externalSystem.model.project.dependencies.ResolutionState  : loaded 2 times (x 79B)
Class kotlin.text.StringsKt__RegexExtensionsJVMKt                                     : loaded 2 times (x 71B)
Class com.google.common.collect.AllEqualOrdering                                      : loaded 2 times (x 114B)
Class kotlin.collections.ArraysKt___ArraysJvmKt                                       : loaded 2 times (x 71B)
Class kotlin.collections.CollectionsKt__CollectionsKt                                 : loaded 2 times (x 71B)
Class org.objectweb.asm.FieldWriter                                                   : loaded 2 times (x 78B)
Class com.google.common.cache.CacheBuilder$NullListener                               : loaded 2 times (x 82B)
Class com.google.gson.LongSerializationPolicy                                         : loaded 2 times (x 80B)
Class kotlin.text.Regex$Companion                                                     : loaded 2 times (x 71B)
Class org.gradle.internal.classpath.TransformedClassPath                              : loaded 2 times (x 96B)
Class org.gradle.internal.classloader.InstrumentingClassLoader                        : loaded 2 times (x 70B)
Class com.google.common.collect.ImmutableListMultimap                                 : loaded 2 times (x 176B)
Class org.apache.commons.io.output.UnsynchronizedByteArrayOutputStream                : loaded 2 times (x 102B)
Class com.google.common.collect.Ordering                                              : loaded 2 times (x 114B)
Class com.google.common.cache.CacheLoader$FunctionToCacheLoader                       : loaded 2 times (x 75B)
Class org.jetbrains.plugins.gradle.tooling.serialization.internal.IdeaProjectSerializationService: loaded 2 times (x 77B)
Class [Lcom.android.ide.common.repository.AgpVersion$PreviewKind;                     : loaded 2 times (x 69B)
Class kotlin.jvm.internal.FunctionReference                                           : loaded 2 times (x 122B)
Class [Lkotlin.coroutines.intrinsics.CoroutineSingletons;                             : loaded 2 times (x 69B)
Class kotlin.jvm.internal.FunctionBase                                                : loaded 2 times (x 70B)
Class kotlin.enums.EnumEntriesList                                                    : loaded 2 times (x 223B)
Class com.google.common.collect.EmptyImmutableListMultimap                            : loaded 2 times (x 176B)
Class com.google.common.collect.BaseImmutableMultimap                                 : loaded 2 times (x 123B)
Class org.apache.commons.io.output.ByteArrayOutputStream                              : loaded 2 times (x 102B)
Class [Lcom.google.common.collect.ImmutableMapEntry;                                  : loaded 2 times (x 69B)
Class com.google.common.base.MoreObjects                                              : loaded 2 times (x 71B)
Class com.google.gson.internal.bind.DefaultDateTypeAdapter                            : loaded 2 times (x 74B)
Class com.google.gson.GsonBuilder                                                     : loaded 2 times (x 72B)
Class kotlin.comparisons.ComparisonsKt___ComparisonsJvmKt                             : loaded 2 times (x 71B)
Class kotlin.collections.CollectionsKt__IteratorsJVMKt                                : loaded 2 times (x 71B)
Class com.android.builder.model.v2.ide.TestInfo$Execution                             : loaded 2 times (x 79B)
Class com.google.gson.internal.Primitives                                             : loaded 2 times (x 71B)
Class com.google.common.collect.Platform                                              : loaded 2 times (x 71B)
Class [Lorg.objectweb.asm.Type;                                                       : loaded 2 times (x 69B)
Class com.google.gson.stream.JsonWriter                                               : loaded 2 times (x 98B)
Class com.google.gson.internal.bind.ObjectTypeAdapter                                 : loaded 2 times (x 74B)
Class org.jetbrains.kotlin.idea.gradleTooling.KotlinSourceSetContainer                : loaded 2 times (x 70B)
Class org.jetbrains.plugins.gradle.model.IntelliJSettings                             : loaded 2 times (x 70B)
Class kotlin.Result                                                                   : loaded 2 times (x 72B)
Class org.gradle.internal.service.ServiceLocator                                      : loaded 2 times (x 70B)
Class com.google.common.base.Ascii                                                    : loaded 2 times (x 71B)
Class com.google.common.collect.SingletonImmutableBiMap                               : loaded 2 times (x 143B)
Class com.google.common.cache.LocalCache$1                                            : loaded 2 times (x 89B)
Class com.google.gson.internal.bind.TypeAdapterRuntimeTypeWrapper                     : loaded 2 times (x 74B)
Class org.gradle.internal.classloader.ClassLoaderVisitor                              : loaded 2 times (x 76B)
Class com.google.common.collect.AbstractMapEntry                                      : loaded 2 times (x 81B)
Class com.intellij.gradle.toolingExtension.util.GradleVersionUtil                     : loaded 2 times (x 71B)
Class com.android.ide.gradle.model.GradlePropertiesModel                              : loaded 2 times (x 70B)
Class kotlin.sequences.TransformingSequence$iterator$1                                : loaded 2 times (x 79B)
Class kotlin.Pair                                                                     : loaded 2 times (x 72B)
Class org.gradle.tooling.internal.adapter.ProtocolToModelAdapter$SupportedPropertyInvoker: loaded 2 times (x 76B)
Class org.gradle.tooling.model.UnsupportedMethodException                             : loaded 2 times (x 82B)
Class com.android.builder.model.v2.ide.BytecodeTransformation                         : loaded 2 times (x 79B)
Class com.google.common.collect.Sets$ImprovedAbstractSet                              : loaded 2 times (x 135B)
Class kotlin.collections.AbstractList$Companion                                       : loaded 2 times (x 71B)
Class com.google.common.collect.AbstractMultimap                                      : loaded 2 times (x 123B)
Class com.google.common.cache.LocalCache$2                                            : loaded 2 times (x 142B)
Class kotlin.collections.CollectionsKt__MutableCollectionsKt                          : loaded 2 times (x 71B)
Class com.android.builder.model.v2.ide.CodeShrinker                                   : loaded 2 times (x 79B)
Class kotlin.sequences.SequencesKt___SequencesKt                                      : loaded 2 times (x 71B)
Class com.google.gson.internal.bind.MapTypeAdapterFactory$Adapter                     : loaded 2 times (x 74B)
Class com.google.gson.internal.sql.SqlTimeTypeAdapter$1                               : loaded 2 times (x 75B)
Class kotlin.text.MatcherMatchResult$groupValues$1                                    : loaded 2 times (x 198B)
Class org.jetbrains.plugins.gradle.tooling.serialization.AnnotationProcessingModelSerializationService$WriteContext: loaded 2 times (x 72B)
Class kotlin.io.TerminateException                                                    : loaded 2 times (x 82B)
Class kotlin.io.FilesKt__FilePathComponentsKt                                         : loaded 2 times (x 71B)
Class kotlin.reflect.KCallable                                                        : loaded 2 times (x 70B)
Class com.google.common.collect.ReverseNaturalOrdering                                : loaded 2 times (x 114B)
Class com.google.common.util.concurrent.AbstractFuture$Trusted                        : loaded 2 times (x 70B)
Class com.google.gson.internal.bind.TypeAdapters$32                                   : loaded 2 times (x 76B)
Class com.intellij.compose.ide.plugin.gradleTooling.rt.ComposeResourcesModel          : loaded 2 times (x 70B)
Class org.jetbrains.plugins.gradle.tooling.serialization.ProjectDependenciesSerializationService$WriteContext: loaded 2 times (x 72B)
Class org.jetbrains.plugins.gradle.tooling.serialization.ProjectDependenciesSerializationService: loaded 2 times (x 77B)
Class kotlin.text.CharsKt                                                             : loaded 2 times (x 71B)
Class org.gradle.tooling.model.kotlin.dsl.KotlinDslScriptModel                        : loaded 2 times (x 70B)
Class org.gradle.tooling.internal.adapter.CollectionMapper                            : loaded 2 times (x 73B)
Class [Lcom.android.builder.model.v2.ide.LibraryType;                                 : loaded 2 times (x 69B)
Class com.android.builder.model.v2.ide.LibraryType                                    : loaded 2 times (x 79B)
Class org.gradle.internal.classloader.DefaultClassLoaderFactory                       : loaded 2 times (x 82B)
Class com.google.common.util.concurrent.UncheckedExecutionException                   : loaded 2 times (x 82B)
Class com.google.gson.internal.bind.DefaultDateTypeAdapter$DateType                   : loaded 2 times (x 73B)
Class org.gradle.kotlin.dsl.VersionCatalogAccessorsKt                                 : loaded 2 times (x 71B)
Class com.google.common.collect.ExplicitOrdering                                      : loaded 2 times (x 115B)
Class com.google.gson.internal.bind.ReflectiveTypeAdapterFactory$1                    : loaded 2 times (x 74B)
Class gnu.trove.THash                                                                 : loaded 2 times (x 81B)
Class com.intellij.gradle.toolingExtension.impl.model.buildScriptClasspathModel.GradleBuildScriptClasspathSerializationService$WriteContext: loaded 2 times (x 72B)
Class org.gradle.tooling.internal.adapter.ProtocolToModelAdapter                      : loaded 2 times (x 80B)
Class com.android.builder.model.v2.ide.AndroidGradlePluginProjectFlags$BooleanFlag    : loaded 2 times (x 79B)
Class com.google.common.collect.AbstractMapBasedMultimap$KeySet$1                     : loaded 2 times (x 82B)
Class com.android.ide.common.gradle.Separator                                         : loaded 2 times (x 79B)
Class org.objectweb.asm.ClassWriter                                                   : loaded 2 times (x 106B)
Class com.google.common.cache.CacheLoader$UnsupportedLoadingOperationException        : loaded 2 times (x 82B)
Class com.intellij.util.containers.IntObjectHashMap$ArrayProducer                     : loaded 2 times (x 70B)
Class com.google.gson.internal.bind.ReflectiveTypeAdapterFactory$2                    : loaded 2 times (x 79B)
Class ijInit1_2h7m4u63qa2vcd4m3yy5k827c$_run_closure1                                 : loaded 2 times (x 140B)
Class kotlin.collections.MapsKt__MapsJVMKt                                            : loaded 2 times (x 71B)
Class kotlin.collections.EmptyList                                                    : loaded 2 times (x 174B)
Class org.gradle.internal.time.DefaultTimer                                           : loaded 2 times (x 80B)
Class org.gradle.internal.classloader.ClasspathUtil$1                                 : loaded 2 times (x 76B)
Class org.objectweb.asm.FieldVisitor                                                  : loaded 2 times (x 77B)
Class com.google.gson.ToNumberStrategy                                                : loaded 2 times (x 70B)
Class com.google.gson.TypeAdapter                                                     : loaded 2 times (x 73B)
Class com.google.common.collect.IndexedImmutableSet                                   : loaded 2 times (x 152B)
Class com.google.common.collect.ImmutableMap$1                                        : loaded 2 times (x 81B)
Class com.google.common.collect.BiMap                                                 : loaded 2 times (x 70B)
Class org.gradle.tooling.internal.adapter.ProtocolToModelAdapter$ViewKey              : loaded 2 times (x 72B)
Class org.gradle.api.internal.classpath.DefaultModuleRegistry$DefaultModule           : loaded 2 times (x 86B)
Class com.android.builder.model.v2.CustomSourceDirectory                              : loaded 2 times (x 70B)
Class com.google.common.primitives.Ints                                               : loaded 2 times (x 71B)
Class com.android.ide.common.repository.AgpVersion                                    : loaded 2 times (x 75B)
Class org.jetbrains.kotlin.idea.gradleTooling.AndroidAwareGradleModelProvider$Companion: loaded 2 times (x 71B)
Class com.google.common.collect.NullsFirstOrdering                                    : loaded 2 times (x 115B)
Class kotlin.ResultKt                                                                 : loaded 2 times (x 71B)
Class org.gradle.tooling.internal.adapter.ProtocolToModelAdapter$PropertyCachingMethodInvoker: loaded 2 times (x 76B)
Class com.android.builder.model.v2.models.ProjectSyncIssues                           : loaded 2 times (x 70B)
Class com.google.common.collect.ObjectArrays                                          : loaded 2 times (x 71B)
Class com.google.common.collect.Multiset                                              : loaded 2 times (x 70B)
Class com.google.common.collect.ArrayListMultimapGwtSerializationDependencies         : loaded 2 times (x 172B)
Class com.google.gson.JsonSyntaxException                                             : loaded 2 times (x 82B)
Class com.google.common.math.MathPreconditions                                        : loaded 2 times (x 71B)
Class com.intellij.openapi.externalSystem.model.ExternalSystemException               : loaded 2 times (x 86B)
Class org.jetbrains.plugins.gradle.model.ExternalTask                                 : loaded 2 times (x 70B)
Class kotlin.Result$Failure                                                           : loaded 2 times (x 72B)
Class kotlin.collections.ArraysKt__ArraysKt                                           : loaded 2 times (x 71B)
Class org.gradle.internal.time.DefaultCountdownTimer                                  : loaded 2 times (x 88B)
Class org.apache.commons.io.output.NullOutputStream                                   : loaded 2 times (x 85B)
Class com.google.gson.internal.ObjectConstructor                                      : loaded 2 times (x 70B)
Class com.google.common.collect.ImmutableMapEntrySet                                  : loaded 2 times (x 152B)
Class org.jetbrains.plugins.gradle.model.GradleTaskModel                              : loaded 2 times (x 70B)
Class org.jetbrains.plugins.gradle.tooling.util.ObjectCollector                       : loaded 2 times (x 72B)
Class kotlin.collections.SetsKt__SetsJVMKt                                            : loaded 2 times (x 71B)
Class kotlin.Function                                                                 : loaded 2 times (x 70B)
Class org.gradle.tooling.internal.adapter.ProtocolToModelAdapter$AdaptingMethodInvoker: loaded 2 times (x 76B)
Class org.gradle.tooling.internal.gradle.DefaultBuildIdentifier                       : loaded 2 times (x 79B)
Class org.gradle.api.internal.classpath.Module                                        : loaded 2 times (x 70B)
Class com.google.common.cache.Weigher                                                 : loaded 2 times (x 70B)
Class com.intellij.openapi.externalSystem.model.project.IExternalSystemSourceType     : loaded 2 times (x 70B)
Class kotlin.io.FileAlreadyExistsException                                            : loaded 2 times (x 82B)
Class kotlin.internal.ProgressionUtilKt                                               : loaded 2 times (x 71B)
Class org.gradle.api.internal.classpath.UnknownModuleException                        : loaded 2 times (x 82B)
Class com.google.common.base.Stopwatch                                                : loaded 2 times (x 72B)
Class com.google.common.cache.LocalCache$Strength                                     : loaded 2 times (x 81B)
Class com.google.common.cache.Cache                                                   : loaded 2 times (x 70B)
Class com.intellij.openapi.externalSystem.model.project.dependencies.ProjectDependencies: loaded 2 times (x 70B)
Class org.jetbrains.plugins.gradle.tooling.serialization.ProjectDependenciesSerializationService$ReadContext: loaded 2 times (x 72B)
Class com.google.common.util.concurrent.AbstractFuture$Cancellation                   : loaded 2 times (x 72B)
Class com.google.common.collect.ImmutableMap$Builder                                  : loaded 2 times (x 82B)
Class com.google.common.cache.RemovalListener                                         : loaded 2 times (x 70B)
Class [Lcom.google.gson.ToNumberPolicy;                                               : loaded 2 times (x 69B)
Class com.google.gson.ToNumberPolicy                                                  : loaded 2 times (x 83B)
Class org.jetbrains.plugins.gradle.tooling.serialization.RepositoriesModelSerializationService: loaded 2 times (x 82B)
Class com.android.ide.gradle.model.artifacts.AdditionalClassifierArtifactsModel       : loaded 2 times (x 70B)
Class org.gradle.tooling.internal.gradle.GradleProjectIdentity                        : loaded 2 times (x 70B)
Class org.gradle.api.internal.DefaultClassPathRegistry                                : loaded 2 times (x 76B)
Class com.google.common.collect.ImmutableMultimap$Keys                                : loaded 2 times (x 166B)
Class com.android.builder.model.v2.ide.JavaArtifact                                   : loaded 2 times (x 70B)
Class com.google.common.primitives.IntsMethodsForWeb                                  : loaded 2 times (x 71B)
Class com.google.gson.internal.bind.TypeAdapters$31                                   : loaded 2 times (x 76B)
Class org.jetbrains.plugins.gradle.tooling.serialization.RepositoriesModelSerializationService$ReadContext: loaded 2 times (x 72B)
Class kotlin.ranges.ClosedRange                                                       : loaded 2 times (x 70B)
Class org.gradle.api.internal.ClassPathRegistry                                       : loaded 2 times (x 70B)
Class org.gradle.internal.classpath.DefaultClassPath$ImmutableUniqueList              : loaded 2 times (x 199B)
Class org.apache.commons.io.IOUtils                                                   : loaded 2 times (x 71B)
Class com.intellij.gradle.toolingExtension.impl.model.projectModel.GradleExternalProjectSerializationService$WriteContext: loaded 2 times (x 73B)
Class kotlin.text.StringsKt__StringsJVMKt                                             : loaded 2 times (x 71B)
Class kotlin.collections.IntIterator                                                  : loaded 2 times (x 82B)
Class com.google.common.collect.NullnessCasts                                         : loaded 2 times (x 71B)
Class com.google.gson.internal.bind.JsonAdapterAnnotationTypeAdapterFactory$DummyTypeAdapterFactory: loaded 2 times (x 75B)
Class com.android.builder.model.v2.dsl.SigningConfig                                  : loaded 2 times (x 70B)
Class com.android.builder.model.v2.models.AndroidProject                              : loaded 2 times (x 70B)
Class com.android.builder.model.v2.AndroidModel                                       : loaded 2 times (x 70B)
Class com.google.common.cache.CacheBuilder                                            : loaded 2 times (x 72B)
Class com.google.gson.internal.bind.ArrayTypeAdapter$1                                : loaded 2 times (x 75B)
Class com.google.gson.internal.bind.JsonTreeWriter                                    : loaded 2 times (x 98B)
Class com.google.common.base.Suppliers                                                : loaded 2 times (x 71B)
Class Settings_gradle$1                                                               : loaded 2 times (x 74B)
Class kotlin.text.StringsKt__IndentKt                                                 : loaded 2 times (x 71B)
Class kotlin.collections.SetsKt                                                       : loaded 2 times (x 71B)
Class org.gradle.internal.classpath.ClassPath                                         : loaded 2 times (x 70B)
Class com.google.common.base.JdkPattern                                               : loaded 2 times (x 75B)
Class [Lcom.google.common.cache.CacheBuilder$OneWeigher;                              : loaded 2 times (x 69B)
Class org.jetbrains.plugins.gradle.tooling.serialization.KotlinDslScriptsModelSerializationService: loaded 2 times (x 81B)
Class kotlin.reflect.KFunction                                                        : loaded 2 times (x 70B)
Class kotlin.collections.ArrayDeque                                                   : loaded 2 times (x 207B)
Class org.objectweb.asm.SymbolTable$Entry                                             : loaded 2 times (x 74B)
Class org.jetbrains.kotlin.idea.gradleTooling.KotlinGradleModel                       : loaded 2 times (x 70B)
Class org.jetbrains.plugins.gradle.tooling.serialization.ExternalTestsSerializationService$WriteContext: loaded 2 times (x 72B)
Class kotlin.collections.MapsKt__MapsKt                                               : loaded 2 times (x 71B)
Class com.android.builder.model.v2.ide.Variant                                        : loaded 2 times (x 70B)
Class org.objectweb.asm.Edge                                                          : loaded 2 times (x 72B)
Class com.google.common.base.Suppliers$SupplierOfInstance                             : loaded 2 times (x 79B)
Class com.google.gson.internal.bind.ReflectiveTypeAdapterFactory                      : loaded 2 times (x 75B)
Class com.google.gson.internal.sql.SqlTimestampTypeAdapter                            : loaded 2 times (x 76B)
Class org.objectweb.asm.MethodTooLargeException                                       : loaded 2 times (x 83B)
Class org.gradle.tooling.model.Model                                                  : loaded 2 times (x 70B)
Class com.google.common.cache.LocalCache$ComputingValueReference                      : loaded 2 times (x 96B)
Class com.google.gson.internal.sql.SqlDateTypeAdapter$1                               : loaded 2 times (x 75B)
Class com.google.common.base.Platform$JdkPatternCompiler                              : loaded 2 times (x 75B)
Class com.google.common.collect.ImmutableMap$IteratorBasedImmutableMap                : loaded 2 times (x 126B)
Class com.android.ide.gradle.model.composites.BuildMap                                : loaded 2 times (x 70B)
Class kotlin.text.MatchResult$Destructured                                            : loaded 2 times (x 72B)
Class kotlin.Metadata                                                                 : loaded 2 times (x 70B)
Class kotlin.UninitializedPropertyAccessException                                     : loaded 2 times (x 82B)
Class com.android.builder.model.v2.ide.Library                                        : loaded 2 times (x 70B)
Class com.android.builder.model.v2.ide.ArtifactDependenciesAdjacencyList              : loaded 2 times (x 70B)
Class com.android.builder.model.v2.models.Versions                                    : loaded 2 times (x 70B)
Class com.google.common.cache.LocalCache$Segment                                      : loaded 2 times (x 154B)
Class org.jetbrains.plugins.gradle.model.IntelliJProjectSettings                      : loaded 2 times (x 70B)
Class org.gradle.tooling.internal.adapter.ProtocolToModelAdapter$MethodInvocationCache: loaded 2 times (x 73B)
Class org.gradle.internal.operations.MultipleBuildOperationFailures                   : loaded 2 times (x 95B)
Class com.android.builder.model.v2.models.ndk.NativeModule                            : loaded 2 times (x 70B)
Class com.google.common.collect.AbstractListMultimap                                  : loaded 2 times (x 172B)
Class [Lorg.objectweb.asm.SymbolTable$Entry;                                          : loaded 2 times (x 69B)
Class com.google.common.cache.CacheLoader                                             : loaded 2 times (x 74B)
Class com.google.gson.internal.bind.ReflectiveTypeAdapterFactory$Adapter              : loaded 2 times (x 77B)
Class com.google.gson.internal.bind.TypeAdapters$10                                   : loaded 2 times (x 75B)
Class org.gradle.tooling.internal.adapter.MethodInvocation                            : loaded 2 times (x 85B)
Class com.google.common.collect.ImmutableBiMap                                        : loaded 2 times (x 143B)
Class org.jetbrains.plugins.gradle.model.ExternalDependency                           : loaded 2 times (x 70B)
Class com.intellij.util.containers.IntObjectHashMap                                   : loaded 2 times (x 72B)
Class org.gradle.api.internal.classpath.ModuleRegistry                                : loaded 2 times (x 70B)
Class org.gradle.internal.installation.GradleInstallation$1                           : loaded 2 times (x 75B)
Class org.apache.commons.io.output.NullWriter                                         : loaded 2 times (x 99B)
Class com.google.common.util.concurrent.internal.InternalFutureFailureAccess          : loaded 2 times (x 72B)
Class com.google.gson.internal.bind.TypeAdapters$11                                   : loaded 2 times (x 75B)
Class [Lcom.google.gson.FieldNamingPolicy;                                            : loaded 2 times (x 69B)
Class com.android.ide.common.repository.AgpVersion$PreviewKind$Companion              : loaded 2 times (x 71B)
Class kotlin.sequences.TransformingSequence                                           : loaded 2 times (x 75B)
Class com.google.common.collect.ImmutableSet$JdkBackedSetBuilderImpl                  : loaded 2 times (x 76B)
Class org.jetbrains.plugins.gradle.model.VersionCatalogsModel                         : loaded 2 times (x 70B)
Class com.intellij.gradle.toolingExtension.impl.model.sourceSetDependencyModel.GradleSourceSetDependencySerialisationService$SourceSetDependencyModelReadContext: loaded 2 times (x 72B)
Class com.intellij.gradle.toolingExtension.impl.model.dependencyModel.DependencyReadContext: loaded 2 times (x 72B)
Class org.gradle.tooling.internal.adapter.ObjectGraphAdapter                          : loaded 2 times (x 70B)
Class com.google.common.collect.ImmutableMultimap$Values                              : loaded 2 times (x 126B)
Class com.android.builder.model.v2.ide.Installation                                   : loaded 2 times (x 70B)
Class com.google.common.cache.LocalCache$LocalManualCache$1                           : loaded 2 times (x 75B)
Class com.google.gson.TypeAdapterFactory                                              : loaded 2 times (x 70B)
Class com.google.gson.internal.bind.TypeAdapters$12                                   : loaded 2 times (x 75B)
Class [Lcom.google.gson.ToNumberStrategy;                                             : loaded 2 times (x 69B)
Class org.jetbrains.plugins.gradle.model.ProjectImportModelProvider                   : loaded 2 times (x 70B)
Class org.jetbrains.plugins.gradle.model.ExternalSourceSet                            : loaded 2 times (x 70B)
Class com.intellij.gradle.toolingExtension.impl.model.warmUp.GradleTaskWarmUpRequest  : loaded 2 times (x 70B)
Class com.android.ide.gradle.model.LegacyAndroidGradlePluginPropertiesModelParameters : loaded 2 times (x 70B)
Class com.google.common.collect.ImmutableSortedAsList                                 : loaded 2 times (x 221B)
Class kotlin.text.RegexKt                                                             : loaded 2 times (x 71B)
Class kotlin.coroutines.intrinsics.IntrinsicsKt__IntrinsicsKt                         : loaded 2 times (x 71B)
Class com.android.builder.model.v2.models.ModelBuilderParameter                       : loaded 2 times (x 70B)
Class com.google.gson.internal.bind.JsonTreeReader                                    : loaded 2 times (x 98B)
Class com.google.gson.internal.bind.TypeAdapters$13                                   : loaded 2 times (x 75B)
Class com.google.gson.internal.bind.TypeAdapters$30                                   : loaded 2 times (x 76B)
Class com.intellij.gradle.toolingExtension.impl.model.sourceSetArtifactIndex.GradleSourceSetArtifactBuildRequest: loaded 2 times (x 70B)
Class kotlin.io.FilesKt__UtilsKt                                                      : loaded 2 times (x 71B)
Class com.google.common.collect.Lists$TransformingRandomAccessList                    : loaded 2 times (x 199B)
Class kotlin.collections.CollectionsKt__CollectionsJVMKt                              : loaded 2 times (x 71B)
Class org.gradle.api.internal.classpath.DefaultModuleRegistry                         : loaded 2 times (x 86B)
Class org.objectweb.asm.ClassVisitor                                                  : loaded 2 times (x 88B)
Class com.google.common.util.concurrent.ListenableFuture                              : loaded 2 times (x 70B)
Class com.google.common.cache.ReferenceEntry                                          : loaded 2 times (x 70B)
Class com.google.gson.internal.bind.NumberTypeAdapter$1                               : loaded 2 times (x 76B)
Class com.google.gson.internal.bind.TypeAdapters$1                                    : loaded 2 times (x 75B)
Class com.google.gson.internal.bind.TypeAdapters$14                                   : loaded 2 times (x 75B)
Class com.google.common.base.Converter                                                : loaded 2 times (x 90B)
Class [Lorg.objectweb.asm.Symbol;                                                     : loaded 2 times (x 69B)
Class org.jetbrains.plugins.gradle.tooling.serialization.internal.IdeaProjectSerializationService$WriteContext$1: loaded 2 times (x 83B)
Class org.jetbrains.plugins.gradle.model.ExternalProject                              : loaded 2 times (x 70B)
Class kotlin.sequences.SequencesKt                                                    : loaded 2 times (x 71B)
Class kotlin.collections.CollectionsKt__IteratorsKt                                   : loaded 2 times (x 71B)
Class [Lcom.android.builder.model.v2.ide.CodeShrinker;                                : loaded 2 times (x 69B)
Class com.google.common.collect.AbstractMapBasedMultimap                              : loaded 2 times (x 139B)
Class com.google.common.util.concurrent.AbstractFuture                                : loaded 2 times (x 106B)
Class com.google.common.base.FunctionalEquivalence                                    : loaded 2 times (x 83B)
Class com.google.gson.Strictness                                                      : loaded 2 times (x 79B)
Class com.google.gson.internal.sql.SqlTypesSupport$1                                  : loaded 2 times (x 74B)
Class com.google.gson.internal.bind.TypeAdapters$2                                    : loaded 2 times (x 75B)
Class com.google.gson.internal.bind.TypeAdapters$15                                   : loaded 2 times (x 75B)
Class com.android.utils.FileUtils                                                     : loaded 2 times (x 71B)
Class com.android.builder.model.v2.ide.AaptOptions$Namespacing                        : loaded 2 times (x 79B)
Class org.jetbrains.plugins.gradle.tooling.serialization.internal.IdeaProjectSerializationService$WriteContext$2: loaded 2 times (x 83B)
Class kotlin.text.StringsKt                                                           : loaded 2 times (x 71B)
Class com.google.common.collect.ImmutableMultiset                                     : loaded 2 times (x 163B)
Class org.objectweb.asm.RecordComponentVisitor                                        : loaded 2 times (x 77B)
Class com.google.common.cache.CacheLoader$SupplierToCacheLoader                       : loaded 2 times (x 75B)
Class com.google.gson.internal.sql.SqlTypesSupport$2                                  : loaded 2 times (x 74B)
Class com.google.gson.internal.bind.TypeAdapters$16                                   : loaded 2 times (x 75B)
Class com.google.gson.internal.bind.TypeAdapters$3                                    : loaded 2 times (x 75B)
Class org.jetbrains.plugins.gradle.tooling.serialization.AnnotationProcessingModelSerializationService$ReadContext: loaded 2 times (x 72B)
Class org.jetbrains.plugins.gradle.tooling.serialization.internal.IdeaProjectSerializationService$WriteContext$3: loaded 2 times (x 83B)
Class gnu.trove.TObjectHash$NULL                                                      : loaded 2 times (x 71B)
Class org.gradle.util.internal.DefaultGradleVersion$Stage                             : loaded 2 times (x 75B)
Class kotlin.coroutines.jvm.internal.RestrictedContinuationImpl                       : loaded 2 times (x 87B)
Class com.google.gson.internal.bind.TypeAdapters$17                                   : loaded 2 times (x 75B)
Class com.google.gson.internal.bind.TypeAdapters$4                                    : loaded 2 times (x 75B)
Class org.jetbrains.kotlin.idea.gradleTooling.AndroidAwareGradleModelProvider         : loaded 2 times (x 79B)
Class org.jetbrains.plugins.gradle.tooling.serialization.internal.IdeaProjectSerializationService$WriteContext$4: loaded 2 times (x 83B)
Class com.intellij.gradle.toolingExtension.impl.model.sourceSetDependencyModel.GradleSourceSetDependencySerialisationService$Companion: loaded 2 times (x 71B)
Class [Lkotlin.Pair;                                                                  : loaded 2 times (x 69B)
Class kotlin.text.StringsKt__StringNumberConversionsKt                                : loaded 2 times (x 71B)
Class kotlin.io.FilesKt__FileReadWriteKt                                              : loaded 2 times (x 71B)
Class com.google.common.collect.UsingToStringOrdering                                 : loaded 2 times (x 114B)
Class kotlin.text.MatchNamedGroupCollection                                           : loaded 2 times (x 70B)
Class kotlin.jvm.internal.markers.KMutableList                                        : loaded 2 times (x 70B)
Class org.gradle.internal.time.MonotonicClock                                         : loaded 2 times (x 77B)
Class org.gradle.internal.service.ServiceLookupException                              : loaded 2 times (x 82B)
Class com.google.gson.annotations.JsonAdapter                                         : loaded 2 times (x 70B)
Class com.google.common.collect.Lists$ReverseList                                     : loaded 2 times (x 200B)
Class org.gradle.tooling.internal.adapter.TargetTypeProvider                          : loaded 2 times (x 70B)
Class [Lcom.google.common.cache.LocalCache$EntryFactory;                              : loaded 2 times (x 69B)
Class com.google.gson.internal.bind.SerializationDelegatingTypeAdapter                : loaded 2 times (x 74B)
Class com.google.gson.internal.bind.TypeAdapters$18                                   : loaded 2 times (x 75B)
Class com.google.gson.internal.bind.TypeAdapters$5                                    : loaded 2 times (x 75B)
Class com.intellij.gradle.toolingExtension.util.GradleVersionSpecificsUtil            : loaded 2 times (x 71B)
Class org.jetbrains.plugins.gradle.tooling.serialization.internal.IdeaProjectSerializationService$WriteContext$5: loaded 2 times (x 83B)
Class com.intellij.gradle.toolingExtension.impl.model.sourceSetDependencyModel.GradleSourceSetDependencySerialisationService$SourceSetDependencyModelWriteContext: loaded 2 times (x 72B)
Class kotlin.sequences.SequencesKt___SequencesKt$sortedWith$1                         : loaded 2 times (x 75B)
Class org.gradle.internal.classloader.ClassLoaderFactory                              : loaded 2 times (x 70B)
Class com.android.builder.model.v2.ide.LibraryInfo                                    : loaded 2 times (x 70B)
Class org.apache.commons.io.CloseableURLConnection                                    : loaded 2 times (x 116B)
Class com.google.common.base.CommonPattern                                            : loaded 2 times (x 74B)
Class com.google.common.cache.LocalCache$LocalManualCache                             : loaded 2 times (x 99B)
Class kotlin.ranges.IntProgression$Companion                                          : loaded 2 times (x 71B)
Class org.jetbrains.plugins.gradle.model.GradleExtensions                             : loaded 2 times (x 70B)
Class com.google.gson.internal.bind.TypeAdapters$19                                   : loaded 2 times (x 75B)
Class com.google.gson.internal.bind.TypeAdapters$6                                    : loaded 2 times (x 75B)
Class org.jetbrains.plugins.gradle.tooling.serialization.internal.IdeaProjectSerializationService$WriteContext$6: loaded 2 times (x 83B)
Class org.jetbrains.plugins.gradle.tooling.util.IntObjectMap                          : loaded 2 times (x 73B)
Class org.gradle.internal.service.CachingServiceLocator                               : loaded 2 times (x 82B)
Class com.google.common.collect.AbstractMapBasedMultimap$KeySet                       : loaded 2 times (x 137B)
Class com.google.gson.annotations.SerializedName                                      : loaded 2 times (x 70B)
Class org.jetbrains.plugins.gradle.model.AnnotationProcessingModel                    : loaded 2 times (x 70B)
Class com.google.gson.internal.bind.TypeAdapters$7                                    : loaded 2 times (x 75B)
Class com.google.common.math.IntMath                                                  : loaded 2 times (x 71B)
Class org.jetbrains.plugins.gradle.model.RepositoryModels                             : loaded 2 times (x 70B)
Class org.jetbrains.plugins.gradle.tooling.serialization.internal.IdeaProjectSerializationService$WriteContext$7: loaded 2 times (x 83B)
Class kotlin.collections.AbstractList$SubList                                         : loaded 2 times (x 198B)
Class kotlin.jvm.internal.CallableReference                                           : loaded 2 times (x 106B)
Class com.google.gson.internal.bind.CollectionTypeAdapterFactory$Adapter              : loaded 2 times (x 74B)
Class com.google.gson.internal.bind.TypeAdapters$8                                    : loaded 2 times (x 75B)
Class com.google.common.collect.ImmutableMapEntry                                     : loaded 2 times (x 85B)
Class org.jetbrains.plugins.gradle.tooling.serialization.internal.IdeaProjectSerializationService$WriteContext$8: loaded 2 times (x 83B)
Class gnu.trove.TObjectIntProcedure                                                   : loaded 2 times (x 70B)
Class kotlin.ranges.IntRange                                                          : loaded 2 times (x 93B)
Class org.gradle.tooling.model.idea.IdeaDependencyScope                               : loaded 2 times (x 70B)
Class org.gradle.internal.time.TimeSource                                             : loaded 2 times (x 70B)
Class org.gradle.tooling.model.kotlin.dsl.KotlinDslScriptsModel                       : loaded 2 times (x 70B)
Class com.google.common.collect.ImmutableMultimap                                     : loaded 2 times (x 147B)
Class com.android.builder.model.v2.ide.TestInfo                                       : loaded 2 times (x 70B)
Class com.google.common.base.Equivalence                                              : loaded 2 times (x 82B)
Class com.google.gson.internal.bind.TypeAdapters$9                                    : loaded 2 times (x 75B)
Class com.google.common.collect.ImmutableMap$MapViewOfValuesAsSingletonSets           : loaded 2 times (x 126B)
Class com.google.common.collect.ImmutableMapEntry$NonTerminalImmutableMapEntry        : loaded 2 times (x 85B)
Class org.jetbrains.plugins.gradle.tooling.serialization.SerializationService         : loaded 2 times (x 70B)
Class sync_studio_tooling3027_1ck4oqe5qx2oau541fayljzby                               : loaded 2 times (x 171B)
Class org.gradle.tooling.internal.gradle.GradleBuildIdentity                          : loaded 2 times (x 70B)
Class kotlin.enums.EnumEntries                                                        : loaded 2 times (x 70B)
Class com.android.builder.model.v2.ide.JavaCompileOptions                             : loaded 2 times (x 70B)
Class org.apache.commons.io.output.AbstractByteArrayOutputStream                      : loaded 2 times (x 102B)
Class com.google.common.cache.CacheBuilder$OneWeigher                                 : loaded 2 times (x 82B)
Class com.google.gson.JsonParseException                                              : loaded 2 times (x 82B)
Class com.google.common.collect.RegularImmutableMap                                   : loaded 2 times (x 121B)
Class org.jetbrains.plugins.gradle.tooling.serialization.internal.adapter.Supplier    : loaded 2 times (x 70B)
Class org.gradle.tooling.internal.adapter.ProtocolToModelAdapter$MixInMappingAction   : loaded 2 times (x 80B)
Class org.gradle.internal.exceptions.ResolutionProvider                               : loaded 2 times (x 70B)
Class kotlin.text.MatchResult$DefaultImpls                                            : loaded 2 times (x 71B)
Class org.gradle.tooling.model.idea.IdeaCompilerOutput                                : loaded 2 times (x 70B)
Class org.gradle.tooling.model.ProjectIdentifier                                      : loaded 2 times (x 70B)
Class org.gradle.internal.classloader.ClasspathUtil                                   : loaded 2 times (x 71B)
Class com.android.builder.model.v2.ide.ComponentInfo                                  : loaded 2 times (x 70B)
Class org.jetbrains.kotlin.tooling.core.HasExtras                                     : loaded 2 times (x 70B)
Class com.google.common.util.concurrent.Uninterruptibles                              : loaded 2 times (x 71B)
Class com.android.builder.model.v2.ide.ProjectType                                    : loaded 2 times (x 79B)
Class com.intellij.gradle.toolingExtension.impl.model.sourceSetModel.GradleSourceSetSerialisationService: loaded 2 times (x 77B)
Class kotlin.io.FileSystemException                                                   : loaded 2 times (x 82B)
Class com.android.builder.model.v2.dsl.BaseConfig                                     : loaded 2 times (x 70B)
Class com.google.common.util.concurrent.LazyLogger                                    : loaded 2 times (x 72B)
Class com.google.common.collect.Maps                                                  : loaded 2 times (x 71B)
Class org.gradle.internal.time.TimeSource$1                                           : loaded 2 times (x 77B)
Class kotlin.jvm.internal.DefaultConstructorMarker                                    : loaded 2 times (x 71B)
Class org.gradle.api.specs.Spec                                                       : loaded 2 times (x 70B)
Class com.google.gson.internal.sql.SqlDateTypeAdapter                                 : loaded 2 times (x 74B)
Class [Lcom.google.common.collect.ImmutableEntry;                                     : loaded 2 times (x 69B)
Class com.google.common.cache.LocalCache$LoadingValueReference                        : loaded 2 times (x 96B)
Class com.intellij.gradle.toolingExtension.impl.model.buildScriptClasspathModel.GradleBuildScriptClasspathSerializationService: loaded 2 times (x 77B)
Class com.google.common.base.Platform                                                 : loaded 2 times (x 71B)
Class com.google.gson.internal.bind.ReflectiveTypeAdapterFactory$RecordAdapter        : loaded 2 times (x 77B)
Class org.jetbrains.plugins.gradle.model.FileCollectionDependency                     : loaded 2 times (x 70B)
Class com.intellij.gradle.toolingExtension.impl.model.utilDummyModel.DummyModel       : loaded 2 times (x 70B)
Class kotlin.text.StringsKt__RegexExtensionsKt                                        : loaded 2 times (x 71B)
Class kotlin.collections.EmptyIterator                                                : loaded 2 times (x 89B)
Class org.gradle.internal.time.Clock                                                  : loaded 2 times (x 70B)
Class com.android.builder.model.v2.dsl.ProductFlavor                                  : loaded 2 times (x 70B)
Class [Lcom.android.builder.model.v2.ide.TestInfo$Execution;                          : loaded 2 times (x 69B)
Class com.google.gson.internal.reflect.ReflectionHelper$RecordNotSupportedHelper      : loaded 2 times (x 78B)
Class [Lorg.objectweb.asm.AnnotationWriter;                                           : loaded 2 times (x 69B)
Class com.google.gson.JsonIOException                                                 : loaded 2 times (x 82B)
Class com.google.common.collect.Maps$8                                                : loaded 2 times (x 82B)
Class org.jetbrains.plugins.gradle.model.GradleSourceSetDependencyModel               : loaded 2 times (x 70B)
Class kotlin.io.FilePathComponents                                                    : loaded 2 times (x 72B)
Class com.google.common.collect.CompoundOrdering                                      : loaded 2 times (x 115B)
Class kotlin.sequences.SequencesKt__SequencesJVMKt                                    : loaded 2 times (x 71B)
Class kotlin.coroutines.jvm.internal.RestrictedSuspendLambda                          : loaded 2 times (x 91B)
Class org.gradle.tooling.internal.adapter.TypeInspector                               : loaded 2 times (x 73B)
Class org.gradle.tooling.internal.adapter.ProtocolToModelAdapter$NoOpDecoration       : loaded 2 times (x 79B)
Class org.gradle.tooling.model.Element                                                : loaded 2 times (x 70B)
Class kotlin.collections.AbstractList                                                 : loaded 2 times (x 197B)
Class kotlin.collections.AbstractCollection                                           : loaded 2 times (x 117B)
Class com.google.common.collect.Lists$ReverseList$1                                   : loaded 2 times (x 99B)
Class com.google.gson.stream.MalformedJsonException                                   : loaded 2 times (x 82B)
Class org.jetbrains.kotlin.tooling.core.Extras                                        : loaded 2 times (x 70B)
Class com.google.common.collect.Sets$SetView                                          : loaded 2 times (x 138B)
Class com.google.common.cache.LocalCache$StrongValueReference                         : loaded 2 times (x 90B)
Class com.intellij.gradle.toolingExtension.impl.model.taskModel.GradleTaskSerialisationService: loaded 2 times (x 76B)
Class com.android.ide.gradle.model.LegacyV1AgpVersionModel                            : loaded 2 times (x 70B)
Class kotlin.text.StringsKt__StringBuilderJVMKt                                       : loaded 2 times (x 71B)
Class kotlin.text.Regex                                                               : loaded 2 times (x 72B)
Class kotlin.sequences.SequencesKt__SequenceBuilderKt$sequence$$inlined$Sequence$1    : loaded 2 times (x 75B)
Class kotlin.Triple                                                                   : loaded 2 times (x 72B)
Class org.objectweb.asm.Type                                                          : loaded 2 times (x 72B)
Class com.google.gson.LongSerializationPolicy$1                                       : loaded 2 times (x 80B)
Class org.jetbrains.plugins.gradle.tooling.util.IntObjectMap$1                        : loaded 2 times (x 77B)
Class org.gradle.internal.classloader.VisitableURLClassLoader$InstrumentingVisitableURLClassLoader: loaded 2 times (x 123B)
Class com.android.builder.model.v2.ide.AndroidGradlePluginProjectFlags                : loaded 2 times (x 70B)
Class [Lcom.android.builder.model.v2.ide.AndroidGradlePluginProjectFlags$BooleanFlag; : loaded 2 times (x 69B)
Class com.android.builder.model.v2.ide.BasicVariant                                   : loaded 2 times (x 70B)
Class org.objectweb.asm.ByteVector                                                    : loaded 2 times (x 79B)
Class [Lcom.google.common.cache.CacheBuilder$NullListener;                            : loaded 2 times (x 69B)
Class com.google.gson.LongSerializationPolicy$2                                       : loaded 2 times (x 80B)
Class com.google.common.math.IntMath$1                                                : loaded 2 times (x 71B)
Class kotlin.comparisons.ComparisonsKt__ComparisonsKt                                 : loaded 2 times (x 71B)
Class kotlin.ranges.RangesKt__RangesKt                                                : loaded 2 times (x 71B)
Class kotlin.collections.SetsKt___SetsKt                                              : loaded 2 times (x 71B)
Class kotlin.sequences.SequencesKt__SequencesKt                                       : loaded 2 times (x 71B)
Class kotlin.coroutines.Continuation                                                  : loaded 2 times (x 70B)
Class org.gradle.internal.classloader.VisitableURLClassLoader$Spec                    : loaded 2 times (x 74B)
Class org.gradle.internal.classpath.DefaultClassPath                                  : loaded 2 times (x 90B)
Class com.android.builder.model.v2.ide.BundleInfo                                     : loaded 2 times (x 70B)
Class com.android.builder.model.v2.ide.SourceProvider                                 : loaded 2 times (x 70B)
Class org.objectweb.asm.Symbol                                                        : loaded 2 times (x 73B)
Class org.jetbrains.plugins.gradle.model.GradleBuildScriptClasspathModel              : loaded 2 times (x 70B)
Class kotlin.sequences.FilteringSequence                                              : loaded 2 times (x 75B)
Class kotlin.text.CharsKt__CharJVMKt                                                  : loaded 2 times (x 71B)
Class kotlin.comparisons.ComparisonsKt                                                : loaded 2 times (x 71B)
Class kotlin.comparisons.ComparisonsKt___ComparisonsKt                                : loaded 2 times (x 71B)
Class kotlin.coroutines.jvm.internal.BaseContinuationImpl                             : loaded 2 times (x 87B)
Class kotlin.Result$Companion                                                         : loaded 2 times (x 71B)
Class org.gradle.util.internal.DefaultGradleVersion                                   : loaded 2 times (x 82B)
Class com.android.builder.model.v2.ide.AndroidArtifact                                : loaded 2 times (x 70B)
Class [Lcom.google.gson.Strictness;                                                   : loaded 2 times (x 69B)
Class com.google.gson.reflect.TypeToken                                               : loaded 2 times (x 75B)
Class org.gradle.api.internal.classpath.ManifestUtil                                  : loaded 2 times (x 71B)
Class com.google.common.collect.RegularImmutableMap$Values                            : loaded 2 times (x 207B)
Class org.gradle.internal.classloader.ClassLoaderSpec                                 : loaded 2 times (x 71B)
Class org.objectweb.asm.AnnotationWriter                                              : loaded 2 times (x 79B)
Class com.google.common.cache.CacheStats                                              : loaded 2 times (x 71B)
Class com.google.gson.internal.sql.SqlTimestampTypeAdapter$1                          : loaded 2 times (x 75B)
Class com.google.gson.JsonPrimitive                                                   : loaded 2 times (x 93B)
Class kotlin.jvm.internal.FunctionReferenceImpl                                       : loaded 2 times (x 122B)
Class kotlin.collections.CollectionsKt___CollectionsJvmKt                             : loaded 2 times (x 71B)
Class com.google.common.collect.ImmutableMultisetGwtSerializationDependencies         : loaded 2 times (x 125B)
Class [Lcom.google.gson.ReflectionAccessFilter$FilterResult;                          : loaded 2 times (x 69B)
Class org.objectweb.asm.RecordComponentWriter                                         : loaded 2 times (x 78B)
Class com.google.common.util.concurrent.AbstractFuture$Listener                       : loaded 2 times (x 72B)
Class [Lcom.android.builder.model.v2.ide.ProjectType;                                 : loaded 2 times (x 69B)
Class org.gradle.tooling.internal.adapter.ProtocolToModelAdapter$InvocationHandlerImpl: loaded 2 times (x 77B)
Class com.google.gson.JsonElement                                                     : loaded 2 times (x 92B)
Class Settings_gradle$1$1                                                             : loaded 2 times (x 74B)
Class kotlin.TuplesKt                                                                 : loaded 2 times (x 71B)
Class kotlin.jvm.internal.markers.KMutableIterable                                    : loaded 2 times (x 70B)
Class kotlin.Unit                                                                     : loaded 2 times (x 71B)
Class kotlin.sequences.SequencesKt___SequencesJvmKt                                   : loaded 2 times (x 71B)
Class org.gradle.tooling.internal.adapter.ProtocolToModelAdapter$DefaultViewBuilder   : loaded 2 times (x 80B)
Class [Lcom.android.builder.model.v2.ide.AaptOptions$Namespacing;                     : loaded 2 times (x 69B)
Class com.android.ide.common.gradle.Version$Companion$ParseState                      : loaded 2 times (x 70B)
Class org.objectweb.asm.Attribute                                                     : loaded 2 times (x 77B)
Class com.google.common.base.Supplier                                                 : loaded 2 times (x 70B)
Class com.google.gson.internal.bind.CollectionTypeAdapterFactory                      : loaded 2 times (x 75B)
Class kotlin.ranges.RangesKt                                                          : loaded 2 times (x 71B)
Class org.gradle.tooling.internal.adapter.ProtocolToModelAdapter$ViewGraphDetails$1   : loaded 2 times (x 77B)
Class org.gradle.internal.classloader.VisitableURLClassLoader                         : loaded 2 times (x 117B)
Class com.android.ide.common.repository.AgpVersion$Companion                          : loaded 2 times (x 71B)
Class Settings_gradle                                                                 : loaded 2 times (x 124B)
Class org.jetbrains.plugins.gradle.tooling.serialization.ExternalTestsSerializationService$ReadContext: loaded 2 times (x 72B)
Class kotlin.sequences.FlatteningSequence$iterator$1                                  : loaded 2 times (x 79B)
Class kotlin.jvm.functions.Function0                                                  : loaded 2 times (x 70B)
Class kotlin.collections.ArraysUtilJVM                                                : loaded 2 times (x 71B)
Class org.gradle.tooling.model.build.GradleEnvironment                                : loaded 2 times (x 70B)
Class org.jetbrains.plugins.gradle.tooling.util.IntObjectMap$ObjectFactory            : loaded 2 times (x 70B)
Class org.gradle.tooling.model.idea.IdeaDependency                                    : loaded 2 times (x 70B)
Class com.android.builder.model.v2.ide.AaptOptions                                    : loaded 2 times (x 70B)
Class [Lcom.android.builder.model.v2.ide.BytecodeTransformation;                      : loaded 2 times (x 69B)
Class com.google.common.base.Strings                                                  : loaded 2 times (x 71B)
Class com.android.ide.common.gradle.Version$Companion                                 : loaded 2 times (x 71B)
Class com.google.common.collect.Sets                                                  : loaded 2 times (x 71B)
Class org.objectweb.asm.Handler                                                       : loaded 2 times (x 72B)
Class com.google.common.base.Ticker                                                   : loaded 2 times (x 72B)
Class com.google.gson.JsonObject                                                      : loaded 2 times (x 93B)
Class com.google.gson.internal.bind.TreeTypeAdapter                                   : loaded 2 times (x 75B)
Class com.google.gson.internal.sql.SqlTimeTypeAdapter                                 : loaded 2 times (x 74B)
Class kotlin.collections.AbstractMutableList                                          : loaded 2 times (x 206B)
Class kotlin.jvm.functions.Function1                                                  : loaded 2 times (x 70B)
Class com.android.builder.model.v2.models.ndk.NativeModelBuilderParameter             : loaded 2 times (x 70B)
Class [Lcom.google.common.cache.LocalCache$Segment;                                   : loaded 2 times (x 69B)
Class [Lcom.google.common.cache.LocalCache$Strength;                                  : loaded 2 times (x 69B)
Class com.google.common.cache.CacheBuilder$1                                          : loaded 2 times (x 85B)
Class com.google.common.util.concurrent.ExecutionError                                : loaded 2 times (x 82B)
Class com.google.gson.internal.bind.TypeAdapters$20                                   : loaded 2 times (x 75B)
Class com.google.common.collect.ImmutableMap                                          : loaded 2 times (x 120B)
Class org.jetbrains.plugins.gradle.tooling.serialization.internal.IdeaProjectSerializationService$WriteContext: loaded 2 times (x 72B)
Class com.intellij.gradle.toolingExtension.impl.model.sourceSetDependencyModel.GradleSourceSetDependencySerialisationService: loaded 2 times (x 77B)
Class org.jetbrains.plugins.gradle.model.GradleSourceSetModel                         : loaded 2 times (x 70B)
Class kotlin.KotlinNothingValueException                                              : loaded 2 times (x 82B)
Class kotlin.jvm.functions.Function2                                                  : loaded 2 times (x 70B)
Class org.gradle.internal.classpath.DefaultClassPath$ImmutableUniqueList$Builder      : loaded 2 times (x 75B)
Class com.google.common.collect.ImmutableEnumSet                                      : loaded 2 times (x 146B)
Class com.google.common.cache.LocalCache                                              : loaded 2 times (x 187B)
Class com.google.common.cache.CacheBuilder$2                                          : loaded 2 times (x 79B)
Class com.android.builder.model.v2.models.VariantDependenciesAdjacencyList            : loaded 2 times (x 70B)
Class com.google.gson.internal.bind.TypeAdapters$21                                   : loaded 2 times (x 75B)
Class com.google.gson.FieldNamingPolicy$1                                             : loaded 2 times (x 83B)
Class com.android.ide.gradle.model.dependencies.Coordinates                           : loaded 2 times (x 70B)
Class kotlin.collections.MapsKt___MapsJvmKt                                           : loaded 2 times (x 71B)
Class org.gradle.tooling.internal.adapter.WeakIdentityHashMap$AbsentValueProvider     : loaded 2 times (x 70B)
Class com.google.common.collect.ArrayListMultimap                                     : loaded 2 times (x 172B)
Class com.google.common.cache.CacheBuilder$3                                          : loaded 2 times (x 72B)
Class com.google.gson.internal.bind.TypeAdapters$22                                   : loaded 2 times (x 75B)
Class com.google.gson.FieldNamingPolicy$2                                             : loaded 2 times (x 83B)
Class com.google.gson.internal.Excluder$1                                             : loaded 2 times (x 74B)
Class [Lcom.google.common.collect.AbstractMapEntry;                                   : loaded 2 times (x 69B)
Class com.google.common.collect.ImmutableEntry                                        : loaded 2 times (x 82B)
Class gnu.trove.TObjectHash                                                           : loaded 2 times (x 94B)
Class org.jetbrains.plugins.gradle.tooling.util.ObjectCollector$Processor             : loaded 2 times (x 70B)
Class kotlin.jvm.functions.Function4                                                  : loaded 2 times (x 70B)
Class kotlin.collections.EmptySet                                                     : loaded 2 times (x 122B)
Class kotlin.annotation.Target                                                        : loaded 2 times (x 70B)
Class kotlin.collections.CollectionsKt___CollectionsKt                                : loaded 2 times (x 71B)
Class org.gradle.internal.classloader.ClassLoaderHierarchy                            : loaded 2 times (x 70B)
Class org.gradle.internal.exceptions.NonGradleCauseExceptionsHolder                   : loaded 2 times (x 70B)
Class org.gradle.tooling.model.idea.IdeaModuleDependency                              : loaded 2 times (x 70B)
Class org.gradle.tooling.internal.adapter.ViewBuilder                                 : loaded 2 times (x 70B)
Class com.android.builder.model.v2.ide.AndroidLibraryData                             : loaded 2 times (x 70B)
Class com.android.builder.model.v2.ide.ApiVersion                                     : loaded 2 times (x 70B)
Class org.apache.commons.io.StandardLineSeparator                                     : loaded 2 times (x 79B)
Class com.android.ide.common.gradle.Version                                           : loaded 2 times (x 75B)
Class com.google.gson.internal.bind.TypeAdapters$23                                   : loaded 2 times (x 75B)
Class com.google.gson.FieldNamingPolicy$3                                             : loaded 2 times (x 83B)
Class com.google.common.collect.CollectPreconditions                                  : loaded 2 times (x 71B)
Class org.jetbrains.plugins.gradle.model.AnnotationProcessingConfig                   : loaded 2 times (x 70B)
Class gnu.trove.Equality                                                              : loaded 2 times (x 70B)
Class kotlin.text.StringsKt___StringsJvmKt                                            : loaded 2 times (x 71B)
Class kotlin.reflect.KDeclarationContainer                                            : loaded 2 times (x 70B)
Class kotlin.annotation.Retention                                                     : loaded 2 times (x 70B)
Class com.android.builder.model.v2.models.Versions$Version                            : loaded 2 times (x 70B)
Class com.google.gson.internal.bind.TypeAdapters$24                                   : loaded 2 times (x 75B)
Class com.google.gson.FieldNamingPolicy$4                                             : loaded 2 times (x 83B)
Class com.google.common.collect.SortedMapDifference                                   : loaded 2 times (x 70B)
Class org.jetbrains.plugins.gradle.tooling.ModelBuilderService$Parameter              : loaded 2 times (x 70B)
Class kotlin.io.FilesKt                                                               : loaded 2 times (x 71B)
Class kotlin.collections.MapsKt___MapsKt                                              : loaded 2 times (x 71B)
Class kotlin.collections.ArraysKt___ArraysKt                                          : loaded 2 times (x 71B)
Class com.google.common.cache.LocalCache$EntryFactory                                 : loaded 2 times (x 83B)
Class com.google.gson.internal.bind.TypeAdapters$25                                   : loaded 2 times (x 75B)
Class com.google.gson.FieldNamingPolicy$5                                             : loaded 2 times (x 83B)
Class gnu.trove.TObjectHashingStrategy                                                : loaded 2 times (x 70B)
Class kotlin.collections.MapsKt__MapWithDefaultKt                                     : loaded 2 times (x 71B)
Class org.gradle.tooling.internal.adapter.ProtocolToModelAdapter$ReflectionMethodInvoker: loaded 2 times (x 76B)
Class [Lcom.android.ide.common.gradle.Separator;                                      : loaded 2 times (x 69B)
Class org.jetbrains.kotlin.tooling.core.HasMutableExtras                              : loaded 2 times (x 70B)
Class com.google.common.cache.LocalCache$AbstractReferenceEntry                       : loaded 2 times (x 107B)
Class com.google.gson.internal.bind.ArrayTypeAdapter                                  : loaded 2 times (x 74B)
Class com.google.gson.internal.bind.TypeAdapters$26                                   : loaded 2 times (x 75B)
Class com.google.gson.FieldNamingPolicy$6                                             : loaded 2 times (x 83B)
Class kotlin.text.StringsKt___StringsKt                                               : loaded 2 times (x 71B)
Class com.google.common.collect.NullsLastOrdering                                     : loaded 2 times (x 115B)
Class kotlin.collections.CollectionsKt__MutableCollectionsJVMKt                       : loaded 2 times (x 71B)
Class kotlin.collections.CollectionsKt__ReversedViewsKt                               : loaded 2 times (x 71B)
Class kotlin.enums.EnumEntriesKt                                                      : loaded 2 times (x 71B)
Class com.android.builder.model.v2.models.VariantDependencies                         : loaded 2 times (x 70B)
Class com.google.gson.internal.reflect.ReflectionHelper                               : loaded 2 times (x 71B)
Class kotlin.sequences.SequencesKt__SequenceBuilderKt                                 : loaded 2 times (x 71B)
Class org.objectweb.asm.SymbolTable                                                   : loaded 2 times (x 72B)
Class com.google.common.cache.CacheLoader$InvalidCacheLoadException                   : loaded 2 times (x 82B)
Class com.google.gson.internal.bind.TypeAdapters$27                                   : loaded 2 times (x 75B)
Class com.google.gson.FieldNamingPolicy$7                                             : loaded 2 times (x 83B)
Class kotlin.io.FilesKt__FileTreeWalkKt                                               : loaded 2 times (x 71B)
Class com.intellij.gradle.toolingExtension.model.repositoryModel.ProjectRepositoriesModel: loaded 2 times (x 70B)
Class org.jetbrains.plugins.gradle.model.GradleProperty                               : loaded 2 times (x 70B)
Class gnu.trove.TObjectCanonicalHashingStrategy                                       : loaded 2 times (x 78B)
Class org.gradle.internal.classloader.SystemClassLoaderSpec                           : loaded 2 times (x 71B)
Class com.android.builder.model.v2.ide.TestedTargetVariant                            : loaded 2 times (x 70B)
Class com.google.common.cache.LocalCache$StrongEntry                                  : loaded 2 times (x 108B)
Class com.google.common.util.concurrent.AbstractFuture$TrustedFuture                  : loaded 2 times (x 114B)
Class com.google.common.cache.LoadingCache                                            : loaded 2 times (x 70B)
Class [Lcom.google.gson.LongSerializationPolicy;                                      : loaded 2 times (x 69B)
Class kotlin.ranges.IntRange$Companion                                                : loaded 2 times (x 71B)
Class kotlin.text.MatcherMatchResult$groups$1                                         : loaded 2 times (x 151B)
Class kotlin.collections.EmptyMap                                                     : loaded 2 times (x 108B)
Class kotlin.reflect.KAnnotatedElement                                                : loaded 2 times (x 70B)
Class kotlin.jvm.internal.markers.KMutableCollection                                  : loaded 2 times (x 70B)
Class kotlin.coroutines.intrinsics.IntrinsicsKt                                       : loaded 2 times (x 71B)
Class org.gradle.internal.exceptions.MultiCauseException                              : loaded 2 times (x 70B)
Class org.gradle.internal.time.CountdownTimer                                         : loaded 2 times (x 70B)
Class kotlin.jvm.internal.Intrinsics                                                  : loaded 2 times (x 71B)
Class org.objectweb.asm.MethodWriter                                                  : loaded 2 times (x 106B)
Class [Lcom.google.common.cache.Weigher;                                              : loaded 2 times (x 69B)
Class com.google.gson.internal.bind.MapTypeAdapterFactory                             : loaded 2 times (x 75B)
Class com.google.gson.internal.bind.TypeAdapters$29                                   : loaded 2 times (x 75B)
Class com.google.gson.JsonNull                                                        : loaded 2 times (x 92B)
Class com.google.common.collect.RegularImmutableMap$BucketOverflowException           : loaded 2 times (x 82B)
Class com.intellij.gradle.toolingExtension.impl.model.projectModel.GradleExternalProjectSerializationService$ReadContext: loaded 2 times (x 73B)
Class com.intellij.gradle.toolingExtension.impl.model.dependencyModel.DependencyWriteContext: loaded 2 times (x 72B)
Class kotlin.collections.MapsKt                                                       : loaded 2 times (x 71B)
Class kotlin.coroutines.intrinsics.CoroutineSingletons                                : loaded 2 times (x 79B)
Class kotlin.collections.CollectionsKt__IterablesKt                                   : loaded 2 times (x 71B)
Class org.gradle.tooling.model.ProjectModel                                           : loaded 2 times (x 70B)
Class com.google.common.collect.ImmutableMultimap$1                                   : loaded 2 times (x 82B)
Class com.android.ide.common.gradle.Version$Companion$ParseState$EMPTY                : loaded 2 times (x 74B)
Class kotlin.ranges.OpenEndRange                                                      : loaded 2 times (x 70B)
Class kotlin.sequences.SequenceBuilderIterator                                        : loaded 2 times (x 85B)
Class kotlin.KotlinNullPointerException                                               : loaded 2 times (x 83B)
Class com.google.common.collect.ImmutableMultimap$2                                   : loaded 2 times (x 81B)
Class com.android.ide.common.repository.AgpVersion$Companion$WhenMappings             : loaded 2 times (x 71B)
Class com.google.common.collect.RegularImmutableBiMap                                 : loaded 2 times (x 149B)
Class com.google.common.cache.LocalCache$ValueReference                               : loaded 2 times (x 70B)
Class kotlin.jvm.internal.CollectionToArray                                           : loaded 2 times (x 71B)
Class kotlin.sequences.FilteringSequence$iterator$1                                   : loaded 2 times (x 79B)
Class com.google.gson.internal.bind.DefaultDateTypeAdapter$DateType$1                 : loaded 2 times (x 73B)
Class org.jetbrains.plugins.gradle.model.tests.ExternalTestsModel                     : loaded 2 times (x 70B)
Class kotlin.ranges.RangesKt___RangesKt                                               : loaded 2 times (x 71B)
Class org.gradle.tooling.model.idea.IdeaLanguageLevel                                 : loaded 2 times (x 70B)
Class org.gradle.tooling.internal.adapter.ProtocolToModelAdapter$SafeMethodInvoker    : loaded 2 times (x 76B)
Class org.gradle.tooling.internal.adapter.WeakIdentityHashMap$WeakKey                 : loaded 2 times (x 79B)
Class org.gradle.internal.exceptions.DefaultMultiCauseException                       : loaded 2 times (x 95B)
Class com.android.builder.model.v2.ide.ProjectInfo                                    : loaded 2 times (x 70B)
Class com.google.common.base.PatternCompiler                                          : loaded 2 times (x 70B)
Class com.google.common.util.concurrent.AbstractFuture$Failure                        : loaded 2 times (x 72B)
Class com.google.common.base.Equivalence$Equals                                       : loaded 2 times (x 82B)
Class com.google.gson.internal.LazilyParsedNumber                                     : loaded 2 times (x 78B)
Class com.google.common.collect.Hashing                                               : loaded 2 times (x 71B)
Class com.intellij.gradle.toolingExtension.impl.model.sourceSetModel.GradleSourceSetSerialisationService$Companion: loaded 2 times (x 71B)
Class com.intellij.gradle.toolingExtension.impl.model.projectModel.GradleExternalProjectSerializationService: loaded 2 times (x 77B)
Class kotlin.text.CharsKt__CharKt                                                     : loaded 2 times (x 71B)
Class kotlin.collections.ArrayDeque$Companion                                         : loaded 2 times (x 71B)
Class kotlin.collections.ArraysKt                                                     : loaded 2 times (x 71B)
Class org.gradle.tooling.model.HierarchicalElement                                    : loaded 2 times (x 70B)
Class com.android.builder.model.v2.dsl.DependenciesInfo                               : loaded 2 times (x 70B)
Class org.gradle.internal.classloader.FilteringClassLoader                            : loaded 2 times (x 105B)
Class org.objectweb.asm.Label                                                         : loaded 2 times (x 73B)
Class org.objectweb.asm.CurrentFrame                                                  : loaded 2 times (x 73B)
Class org.objectweb.asm.ClassTooLargeException                                        : loaded 2 times (x 83B)
Class kotlin.NotImplementedError                                                      : loaded 2 times (x 82B)
Class com.google.gson.stream.JsonReader                                               : loaded 2 times (x 97B)
Class kotlin.sequences.FlatteningSequence                                             : loaded 2 times (x 75B)
Class org.jetbrains.plugins.gradle.tooling.serialization.ExternalTestsSerializationService: loaded 2 times (x 77B)
Class com.google.common.collect.ByFunctionOrdering                                    : loaded 2 times (x 115B)
Class kotlin.collections.SetsKt__SetsKt                                               : loaded 2 times (x 71B)
Class kotlin.coroutines.EmptyCoroutineContext                                         : loaded 2 times (x 77B)
Class org.gradle.internal.time.Time                                                   : loaded 2 times (x 71B)
Class com.android.builder.model.v2.models.ProjectGraph                                : loaded 2 times (x 70B)
Class com.android.ide.common.gradle.Version$Companion$ParseState$NUMERIC              : loaded 2 times (x 74B)
Class com.google.gson.internal.reflect.ReflectionHelper$RecordSupportedHelper         : loaded 2 times (x 78B)
Class kotlin.text.MatcherMatchResult                                                  : loaded 2 times (x 80B)
Class kotlin.text.MatchGroupCollection                                                : loaded 2 times (x 70B)
Class org.objectweb.asm.Frame                                                         : loaded 2 times (x 73B)
Class org.objectweb.asm.MethodVisitor                                                 : loaded 2 times (x 105B)
Class com.google.common.cache.LocalCache$EntryFactory$1                               : loaded 2 times (x 83B)
Class [Lcom.google.common.cache.RemovalListener;                                      : loaded 2 times (x 69B)
Class kotlin.text.StringsKt__StringsKt                                                : loaded 2 times (x 71B)
Class com.android.ide.gradle.model.dependencies.DeclaredDependencies                  : loaded 2 times (x 70B)
Class com.android.ide.common.repository.AgpVersion$PreviewKind                        : loaded 2 times (x 79B)
Class org.jetbrains.plugins.gradle.tooling.serialization.AnnotationProcessingModelSerializationService: loaded 2 times (x 77B)
Class kotlin.collections.ArraysKt__ArraysJVMKt                                        : loaded 2 times (x 71B)
Class org.jetbrains.plugins.gradle.tooling.serialization.internal.IdeaProjectSerializationService$ReadContext: loaded 2 times (x 72B)
Class com.google.common.cache.LocalCache$EntryFactory$2                               : loaded 2 times (x 83B)
Class com.google.gson.internal.bind.JsonAdapterAnnotationTypeAdapterFactory           : loaded 2 times (x 75B)
Class org.jetbrains.plugins.gradle.model.DependencyAccessorsModel                     : loaded 2 times (x 70B)
Class [Lcom.intellij.openapi.externalSystem.model.project.dependencies.ResolutionState;: loaded 2 times (x 69B)
Class gnu.trove.TObjectIntHashMap                                                     : loaded 2 times (x 109B)
Class kotlin.text.StringsKt__StringBuilderKt                                          : loaded 2 times (x 71B)
Class kotlin.jvm.internal.CallableReference$NoReceiver                                : loaded 2 times (x 71B)
Class org.gradle.api.internal.classpath.GlobalCacheRootsProvider                      : loaded 2 times (x 70B)
Class com.google.common.collect.CollectCollectors                                     : loaded 2 times (x 71B)
Class org.objectweb.asm.ModuleWriter                                                  : loaded 2 times (x 82B)
Class com.google.common.cache.LocalCache$EntryFactory$3                               : loaded 2 times (x 83B)
Class com.google.common.base.Ticker$1                                                 : loaded 2 times (x 72B)
Class com.google.gson.internal.bind.NumberTypeAdapter                                 : loaded 2 times (x 74B)
Class com.google.common.collect.Maps$BiMapConverter                                   : loaded 2 times (x 90B)
Class com.google.common.collect.ImmutableMapEntrySet$RegularEntrySet                  : loaded 2 times (x 152B)
Class org.jetbrains.kotlin.idea.gradleTooling.KotlinMPPGradleModel                    : loaded 2 times (x 70B)
Class com.intellij.gradle.toolingExtension.impl.model.dependencyDownloadPolicyModel.GradleDependencyDownloadPolicy: loaded 2 times (x 70B)
Class org.gradle.tooling.model.BuildIdentifier                                        : loaded 2 times (x 70B)
Class kotlin.NoWhenBranchMatchedException                                             : loaded 2 times (x 82B)
Class com.android.builder.model.v2.ide.VectorDrawablesOptions                         : loaded 2 times (x 70B)
Class com.google.common.cache.LocalCache$EntryFactory$4                               : loaded 2 times (x 83B)
Class com.google.common.collect.RegularImmutableMap$KeySet                            : loaded 2 times (x 152B)
Class com.google.gson.ToNumberPolicy$1                                                : loaded 2 times (x 83B)
Class [Lcom.google.gson.FieldNamingStrategy;                                          : loaded 2 times (x 69B)
Class com.google.gson.internal.Excluder                                               : loaded 2 times (x 75B)
Class com.google.common.collect.ImmutableSet$Builder                                  : loaded 2 times (x 85B)
Class org.jetbrains.kotlin.idea.gradleTooling.PrepareKotlinIdeImportTaskModel         : loaded 2 times (x 70B)
Class com.android.builder.model.v2.ide.Edge                                           : loaded 2 times (x 70B)
Class com.android.builder.model.v2.models.VariantDependenciesFlatList                 : loaded 2 times (x 70B)
Class com.google.gson.internal.ReflectionAccessFilterHelper                           : loaded 2 times (x 71B)
Class com.google.gson.internal.reflect.ReflectionHelper$RecordHelper                  : loaded 2 times (x 75B)
Class com.google.common.cache.LocalCache$EntryFactory$5                               : loaded 2 times (x 83B)
Class com.google.gson.ToNumberPolicy$2                                                : loaded 2 times (x 83B)
Class com.android.ide.gradle.model.GradlePluginModel                                  : loaded 2 times (x 70B)
Class com.google.common.collect.ReverseOrdering                                       : loaded 2 times (x 115B)
Class org.gradle.tooling.model.build.JavaEnvironment                                  : loaded 2 times (x 70B)
Class com.google.gson.internal.bind.ObjectTypeAdapter$1                               : loaded 2 times (x 76B)
Class com.android.builder.model.v2.ide.SourceSetContainer                             : loaded 2 times (x 70B)
Class org.apache.commons.io.output.AppendableWriter                                   : loaded 2 times (x 100B)
Class com.google.gson.internal.bind.ReflectiveTypeAdapterFactory$FieldsData           : loaded 2 times (x 72B)
Class com.google.common.cache.LocalCache$EntryFactory$6                               : loaded 2 times (x 83B)
Class com.google.gson.ToNumberPolicy$3                                                : loaded 2 times (x 83B)
Class org.gradle.internal.time.Timer                                                  : loaded 2 times (x 70B)
Class kotlin.jvm.internal.markers.KMappedMarker                                       : loaded 2 times (x 70B)
Class org.gradle.internal.installation.CurrentGradleInstallationLocator               : loaded 2 times (x 71B)
Class com.google.common.collect.ImmutableMultimap$Builder                             : loaded 2 times (x 86B)
Class com.android.builder.model.v2.ide.LintOptions                                    : loaded 2 times (x 70B)
Class org.apache.commons.io.output.ThresholdingOutputStream                           : loaded 2 times (x 95B)
Class com.google.common.collect.Maps$KeySet                                           : loaded 2 times (x 137B)
Class com.google.common.cache.LocalCache$EntryFactory$7                               : loaded 2 times (x 83B)
Class com.google.gson.ToNumberPolicy$4                                                : loaded 2 times (x 83B)
Class com.google.common.collect.ImmutableSet$EmptySetBuilderImpl                      : loaded 2 times (x 76B)
Class com.google.common.base.Equivalence$Identity                                     : loaded 2 times (x 82B)
Class org.gradle.tooling.internal.adapter.ProtocolToModelAdapter$ViewGraphDetails     : loaded 2 times (x 72B)
Class org.gradle.tooling.model.idea.IdeaProject                                       : loaded 2 times (x 70B)
Class org.gradle.tooling.model.DomainObjectSet                                        : loaded 2 times (x 70B)
Class org.gradle.internal.service.DefaultServiceLocator                               : loaded 2 times (x 83B)
Class com.google.common.collect.ImmutableMultimap$EntryCollection                     : loaded 2 times (x 128B)
Class com.android.builder.model.v2.ide.BasicArtifact                                  : loaded 2 times (x 70B)
Class com.google.common.cache.LocalCache$EntryFactory$8                               : loaded 2 times (x 83B)
Class com.google.gson.internal.sql.SqlTypesSupport                                    : loaded 2 times (x 71B)
Class com.google.gson.Gson                                                            : loaded 2 times (x 72B)
Class com.google.common.base.PairwiseEquivalence                                      : loaded 2 times (x 83B)
Class kotlin.coroutines.jvm.internal.SuspendFunction                                  : loaded 2 times (x 70B)
Class org.gradle.util.GradleVersion                                                   : loaded 2 times (x 81B)
Class org.gradle.internal.installation.CurrentGradleInstallation                      : loaded 2 times (x 73B)
Class com.google.common.cache.CacheLoader$1                                           : loaded 2 times (x 75B)
Class com.google.common.collect.ForwardingObject                                      : loaded 2 times (x 72B)
Class com.google.gson.Gson$1                                                          : loaded 2 times (x 76B)
Class com.google.gson.Gson$FutureTypeAdapter                                          : loaded 2 times (x 76B)
Class org.jetbrains.plugins.gradle.javaModel.JavaGradleManifestModel                  : loaded 2 times (x 70B)
Class org.jetbrains.plugins.gradle.tooling.serialization.GradleExtensionsSerializationService$WriteContext: loaded 2 times (x 72B)
Class com.intellij.gradle.toolingExtension.impl.model.taskModel.GradleTaskSerialisationService$Companion: loaded 2 times (x 71B)
Class sync_studio_tooling3027_1ck4oqe5qx2oau541fayljzby$_run_closure1                 : loaded 2 times (x 139B)
Class kotlin.jvm.internal.Ref$BooleanRef                                              : loaded 2 times (x 71B)
Class kotlin.jvm.internal.StringCompanionObject                                       : loaded 2 times (x 71B)
Class kotlin.coroutines.intrinsics.IntrinsicsKt__IntrinsicsJvmKt                      : loaded 2 times (x 71B)
Class kotlin.coroutines.jvm.internal.CoroutineStackFrame                              : loaded 2 times (x 70B)
Class org.gradle.tooling.internal.adapter.ProtocolToModelAdapter$MethodInvocationCache$MethodInvocationKey: loaded 2 times (x 73B)
Class org.gradle.util.internal.GUtil                                                  : loaded 2 times (x 71B)
Class com.android.utils.StringHelper                                                  : loaded 2 times (x 71B)
Class com.google.common.cache.AbstractCache$StatsCounter                              : loaded 2 times (x 70B)
Class com.google.gson.Gson$2                                                          : loaded 2 times (x 76B)
Class com.intellij.gradle.toolingExtension.impl.model.utilTurnOffDefaultTasksModel.TurnOffDefaultTasks: loaded 2 times (x 70B)
Class com.intellij.gradle.toolingExtension.impl.model.sourceSetModel.GradleSourceSetSerialisationService$SourceSetModelReadContext: loaded 2 times (x 72B)
Class ijInit1_2h7m4u63qa2vcd4m3yy5k827c                                               : loaded 2 times (x 171B)
Class kotlin.io.NoSuchFileException                                                   : loaded 2 times (x 82B)
Class kotlin.collections.CollectionsKt                                                : loaded 2 times (x 71B)
Class com.android.builder.model.v2.dsl.BuildType                                      : loaded 2 times (x 70B)
Class com.google.gson.internal.bind.ReflectiveTypeAdapterFactory$BoundField           : loaded 2 times (x 75B)
Class com.google.gson.Gson$3                                                          : loaded 2 times (x 75B)
Class com.google.gson.internal.bind.ReflectiveTypeAdapterFactory$FieldReflectionAdapter: loaded 2 times (x 77B)
Class com.android.builder.model.v2.ide.ViewBindingOptions                             : loaded 2 times (x 70B)
Class com.intellij.gradle.toolingExtension.impl.model.sourceSetModel.GradleSourceSetSerialisationService$SourceSetModelWriteContext: loaded 2 times (x 72B)
Class kotlin.ranges.IntProgressionIterator                                            : loaded 2 times (x 82B)
Class kotlin.coroutines.CoroutineContext                                              : loaded 2 times (x 70B)
Class kotlin.coroutines.jvm.internal.DebugProbesKt                                    : loaded 2 times (x 71B)
Class org.gradle.tooling.internal.adapter.WeakIdentityHashMap                         : loaded 2 times (x 76B)
Class org.gradle.tooling.GradleConnectionException                                    : loaded 2 times (x 83B)
Class org.gradle.tooling.internal.adapter.ProtocolToModelAdapter$1                    : loaded 2 times (x 75B)
Class org.gradle.tooling.internal.adapter.ProtocolToModelAdapter$ViewDecoration       : loaded 2 times (x 70B)
Class org.gradle.internal.installation.GradleInstallation                             : loaded 2 times (x 75B)
Class com.google.gson.internal.bind.DefaultDateTypeAdapter$1                          : loaded 2 times (x 75B)
Class com.google.gson.Gson$4                                                          : loaded 2 times (x 76B)
Class com.google.gson.internal.ConstructorConstructor                                 : loaded 2 times (x 72B)
Class com.google.common.collect.Iterables                                             : loaded 2 times (x 71B)
Class org.jetbrains.plugins.gradle.tooling.serialization.GradleExtensionsSerializationService$ReadContext: loaded 2 times (x 72B)
Class com.google.common.collect.LexicographicalOrdering                               : loaded 2 times (x 115B)
Class org.gradle.tooling.internal.adapter.MethodInvoker                               : loaded 2 times (x 70B)
Class com.android.ide.common.gradle.Part                                              : loaded 2 times (x 77B)
Class com.google.gson.ReflectionAccessFilter$FilterResult                             : loaded 2 times (x 79B)
Class com.google.common.collect.Lists$RandomAccessReverseList                         : loaded 2 times (x 200B)
Class com.google.gson.Gson$5                                                          : loaded 2 times (x 76B)
Class org.jetbrains.plugins.gradle.tooling.serialization.RepositoriesModelSerializationService$WriteContext: loaded 2 times (x 72B)
Class com.android.ide.gradle.model.LegacyAndroidGradlePluginProperties                : loaded 2 times (x 70B)
Class kotlin.ranges.IntProgression                                                    : loaded 2 times (x 81B)
Class kotlin.jvm.KotlinReflectionNotSupportedError                                    : loaded 2 times (x 82B)
Class org.gradle.tooling.model.gradle.GradleScript                                    : loaded 2 times (x 70B)

---------------  S Y S T E M  ---------------

OS:
 Windows 11 , 64 bit Build 26100 (10.0.26100.6725)
OS uptime: 0 days 0:43 hours
Hyper-V role detected

CPU: total 8 (initial active 8) (8 cores per cpu, 2 threads per core) family 23 model 160 stepping 0 microcode 0x8a00006, cx8, cmov, fxsr, ht, mmx, 3dnowpref, sse, sse2, sse3, ssse3, sse4a, sse4.1, sse4.2, popcnt, lzcnt, tsc, tscinvbit, avx, avx2, aes, clmul, bmi1, bmi2, adx, sha, fma, vzeroupper, clflush, clflushopt, hv, rdtscp, rdpid, f16c
Processor Information for processor 0
  Max Mhz: 2801, Current Mhz: 2801, Mhz Limit: 2801
Processor Information for processor 1
  Max Mhz: 2801, Current Mhz: 2483, Mhz Limit: 2801
Processor Information for processor 2
  Max Mhz: 2801, Current Mhz: 2801, Mhz Limit: 2801
Processor Information for processor 3
  Max Mhz: 2801, Current Mhz: 2483, Mhz Limit: 2801
Processor Information for processor 4
  Max Mhz: 2801, Current Mhz: 2483, Mhz Limit: 2801
Processor Information for processor 5
  Max Mhz: 2801, Current Mhz: 2483, Mhz Limit: 2801
Processor Information for processor 6
  Max Mhz: 2801, Current Mhz: 2483, Mhz Limit: 2801
Processor Information for processor 7
  Max Mhz: 2801, Current Mhz: 2483, Mhz Limit: 2801

Memory: 4k page, system-wide physical 7455M (435M free)
TotalPageFile size 12681M (AvailPageFile size 5M)
current process WorkingSet (physical memory assigned to process): 579M, peak: 579M
current process commit charge ("private bytes"): 648M, peak: 648M

vm_info: OpenJDK 64-Bit Server VM (21.0.9+-14787801-b1163.94) for windows-amd64 JRE (21.0.9+-14787801-b1163.94), built on 2026-01-27T21:15:44Z by "builder" with MS VC++ 16.10 / 16.11 (VS2019)

END.
